Time,ConcRT(ug/m3),ConcHR(ug/m3),Flow(lpm),AT(C),RH(%),BP(mmHg),FT(C),FRH(%),Status
6/13/2019 5:00,99999,99999,0,26.8,60,682,28.8,55,128
6/13/2019 5:07,99999,99999,12.9,26.6,63,682,28.7,49,768
6/13/2019 5:07,99999,99999,16.7,26.5,66,682,28.7,49,256
6/13/2019 17:39,99999,99999,16.7,26.5,66,682,28.7,49,256
6/13/2019 17:40,99999,99999,16.7,26.4,66,682,28.7,49,256
6/13/2019 17:41,99999,99999,16.7,26.5,66,682,28.7,49,256
6/13/2019 17:42,99999,99999,16.7,26.4,67,682,28.7,49,256
6/13/2019 17:43,99999,99999,16.7,26.2,68,682,28.7,49,256
6/13/2019 17:44,99999,99999,16.7,26.1,68,682,28.8,49,256
6/13/2019 17:45,99999,99999,16.7,26,69,682,28.8,49,256
6/13/2019 17:46,99999,99999,16.7,26,69,682,28.8,49,256
6/13/2019 17:47,99999,99999,16.7,25.9,70,682,28.8,49,256
6/13/2019 17:48,99999,99999,16.7,26,70,682,28.8,49,256
6/13/2019 17:49,99999,99999,16.7,26,69,682,28.9,49,256
6/13/2019 17:50,99999,99999,16.7,26.1,69,682,28.9,49,256
6/13/2019 17:51,99999,99999,16.7,26.3,68,682,28.9,49,256
6/13/2019 17:52,99999,99999,16.7,26.4,68,682,29,49,256
6/13/2019 17:53,99999,99999,16.7,26.4,68,682,29,49,256
6/13/2019 17:54,99999,99999,16.7,26.5,67,682,29,49,256
6/13/2019 17:55,99999,99999,16.7,26.6,67,682,29.1,49,256
6/13/2019 17:56,99999,99999,16.7,26.7,66,682,29.1,48,256
6/13/2019 17:57,99999,99999,16.7,26.4,67,682,29.2,48,256
6/13/2019 17:58,99999,99999,16.7,26.3,68,682,29.2,48,256
6/13/2019 17:59,99999,99999,16.7,26.3,68,682,29.3,48,256
6/13/2019 18:00,99999,22,16.7,26.4,68,682,29.3,48,768
6/13/2019 18:01,99999,22,14.1,26.5,67,682,29.4,48,256
6/13/2019 18:02,99999,22,16.7,26.5,67,682,29.4,48,256
6/13/2019 18:03,99999,22,16.7,26.4,68,682,29.5,47,256
6/13/2019 18:04,99999,22,16.7,26.3,68,682,29.5,47,256
6/13/2019 18:05,99999,22,16.7,26.2,68,682,29.6,47,256
6/13/2019 18:06,99999,22,16.7,26.2,68,682,29.6,47,256
6/13/2019 18:07,99999,22,16.7,26.2,68,682,29.6,47,256
6/13/2019 18:08,99999,22,16.8,26.1,68,682,29.6,46,256
6/13/2019 18:09,99999,22,16.7,26.1,68,682,29.6,46,256
6/13/2019 18:10,99999,22,16.7,26,68,682,29.6,46,256
6/13/2019 18:11,99999,22,16.7,25.9,68,682,29.6,46,256
6/13/2019 18:12,99999,22,16.7,25.8,68,682,29.6,46,256
6/13/2019 18:13,99999,22,16.7,25.8,68,682,29.6,46,256
6/13/2019 18:14,99999,22,16.7,25.8,68,681,29.6,46,256
6/13/2019 18:15,99999,22,16.7,25.7,69,681,29.6,46,256
6/13/2019 18:16,99999,22,16.7,25.7,69,681,29.6,46,256
6/13/2019 18:17,99999,22,16.7,25.6,69,681,29.6,46,256
6/13/2019 18:18,99999,22,16.7,25.6,69,681,29.6,46,256
6/13/2019 18:19,99999,22,16.7,25.6,69,682,29.5,46,256
6/13/2019 18:20,99999,22,16.7,25.6,69,682,29.5,46,256
6/13/2019 18:21,99999,22,16.7,25.6,69,682,29.5,46,256
6/13/2019 18:22,99999,22,16.7,25.5,69,681,29.5,46,256
6/13/2019 18:23,99999,22,16.7,25.5,70,682,29.4,46,256
6/13/2019 18:24,99999,22,16.7,25.5,70,681,29.4,46,256
6/13/2019 18:25,99999,22,16.7,25.5,70,681,29.4,46,256
6/13/2019 18:26,99999,22,16.7,25.5,70,681,29.4,46,256
6/13/2019 18:27,99999,22,16.7,25.5,70,681,29.3,46,256
6/13/2019 18:28,99999,22,16.7,25.4,70,681,29.3,46,256
6/13/2019 18:29,99999,22,16.7,25.4,70,681,29.3,46,256
6/13/2019 18:30,99999,22,16.7,25.4,70,681,29.3,46,256
6/13/2019 18:31,99999,22,16.7,25.3,70,681,29.2,46,256
6/13/2019 18:32,99999,22,16.7,25.4,70,682,29.2,47,256
6/13/2019 18:33,99999,22,16.7,25.4,70,682,29.2,47,256
6/13/2019 18:34,99999,22,16.7,25.4,70,682,29.1,47,256
6/13/2019 18:35,99999,22,16.7,25.4,70,682,29.1,47,256
6/13/2019 18:36,99999,22,16.7,25.4,70,682,29.1,47,256
6/13/2019 18:37,99999,22,16.7,25.4,70,682,29.1,47,256
6/13/2019 18:38,99999,22,16.7,25.3,70,682,29,47,256
6/13/2019 18:39,16,22,16.7,25.3,70,682,29,47,256
6/13/2019 18:40,-15,22,16.7,25.3,70,682,29,47,256
6/13/2019 18:41,-15,22,16.7,25.3,70,682,29,47,256
6/13/2019 18:42,-15,22,16.7,25.2,70,682,28.9,47,256
6/13/2019 18:43,-15,22,16.7,25.2,70,682,28.9,47,256
6/13/2019 18:44,-15,22,16.7,25.3,70,682,28.9,47,256
6/13/2019 18:45,-15,22,16.7,25.3,70,682,28.9,47,256
6/13/2019 18:46,-15,22,16.7,25.3,70,682,28.8,47,256
6/13/2019 18:47,-15,22,16.7,25.2,70,682,28.8,47,256
6/13/2019 18:48,-15,22,16.7,25.2,71,682,28.8,47,256
6/13/2019 18:49,-15,22,16.7,25.2,71,682,28.8,47,256
6/13/2019 18:50,-5,22,16.7,25.1,71,682,28.8,47,256
6/13/2019 18:51,9,22,16.7,25.1,71,682,28.7,48,256
6/13/2019 19:00,35,15,16.7,25.1,71,682,28.7,48,0
6/13/2019 20:00,23,28,16.6,25.2,70,682,28.5,48,0
6/13/2019 21:00,28,30,16.6,25.2,69,683,28.5,48,0
6/13/2019 22:00,32,25,16.6,24.7,73,683,28.2,50,0
6/13/2019 23:00,26,32,16.6,23.9,79,683,27.7,53,0
6/14/2019 0:00,27,24,16.7,23.6,81,683,27,55,0
6/14/2019 1:00,24,26,16.6,23.1,85,682,26.6,58,0
6/14/2019 2:00,22,20,16.6,22.7,87,682,26.2,60,0
6/14/2019 3:00,17,18,16.6,22.6,87,681,26,60,0
6/14/2019 4:00,18,17,16.6,22.6,86,681,25.9,60,0
6/14/2019 5:00,19,20,16.5,22.6,85,681,25.8,60,0
6/14/2019 6:00,19,23,16.7,22.6,85,681,25.8,59,0
6/14/2019 7:00,23,28,16.6,22.6,85,682,25.9,59,0
6/14/2019 8:00,20,16,16.6,23.7,78,682,26.7,56,0
6/14/2019 9:00,15,13,16.6,24.6,73,683,28.1,51,0
6/14/2019 10:00,15,18,16.6,26.5,64,683,30.3,43,0
6/14/2019 11:00,43344,99999,14.4,27.8,58,683,32.2,36,512
6/14/2019 12:00,99999,99999,4.4,28.7,55,682,34,36,768
6/14/2019 13:00,99999,6,16,29.7,51,682,32.2,32,768
6/14/2019 14:00,43335,3,16.6,29.9,51,681,33,30,0
6/14/2019 15:00,0,-1,16.6,30,51,681,32.9,30,0
6/14/2019 16:00,-1,0,16.6,30,52,680,33,31,0
6/14/2019 17:00,0,2,16.7,29.6,53,680,32.5,31,0
6/14/2019 18:00,7,13,16.7,26.5,74,681,30.2,41,0
6/14/2019 19:00,4,1,16.7,26,78,681,28,49,0
6/14/2019 20:00,-2,-1,16.7,25.4,80,682,26.8,52,0
6/14/2019 21:00,-3,-5,16.7,25.3,76,682,26.3,51,0
6/14/2019 22:00,-1,-1,16.6,25,69,683,26,46,0
6/14/2019 23:00,2,2,16.7,24.4,72,683,25.5,48,0
6/15/2019 0:00,2,1,16.7,23.7,76,683,24.9,51,0
6/15/2019 1:00,0,3,16.7,23.2,81,683,24.4,54,0
6/15/2019 2:00,4,3,16.5,22.6,87,682,23.8,58,0
6/15/2019 3:00,-3,-2,16.7,22.3,89,682,23.3,60,0
6/15/2019 4:00,-1,-1,16.7,22,90,682,23.1,61,0
6/15/2019 5:00,-2,1,16.7,21.8,91,682,22.8,62,0
6/15/2019 6:00,4,1,16.7,21.7,91,682,22.6,62,0
6/15/2019 7:00,-2,-4,16.7,21.9,90,682,22.6,62,0
6/15/2019 8:00,-7,-8,16.7,22.9,84,683,23.5,59,0
6/15/2019 9:00,-5,-5,16.6,24,78,683,25,54,0
6/15/2019 10:00,-1,-3,16.6,25.9,69,683,27.3,46,0
6/15/2019 11:00,-1,0,16.6,27.4,62,683,29.3,39,0
6/15/2019 12:00,99999,-11,15.2,28.9,55,682,31,35,384
6/15/2019 13:00,91665,-3,16.6,29.6,52,682,31.8,32,0
6/15/2019 14:00,-4,-4,16.6,30.7,47,681,33.2,28,0
6/15/2019 15:00,-2,1,16.6,31.3,45,681,34.5,26,0
6/15/2019 16:00,1,3,16.6,31.7,40,681,35.1,23,0
6/15/2019 17:00,6,1,16.7,31.7,42,681,35,24,0
6/15/2019 18:00,4,-1,16.7,31,45,681,34.5,25,0
6/15/2019 19:00,2,2,16.7,30,45,681,32.7,27,0
6/15/2019 20:00,4,3,16.7,29,51,682,30.7,32,0
6/15/2019 21:00,1,2,16.7,28,55,682,29.5,35,0
6/15/2019 22:00,3,1,16.6,26.9,61,683,28.5,39,0
6/15/2019 23:00,4,1,16.7,25.6,68,683,27.3,43,0
6/16/2019 0:00,2,1,16.7,24.8,72,683,26.2,46,0
6/16/2019 1:00,2,1,16.7,24.1,75,683,25.4,49,0
6/16/2019 2:00,5,5,16.6,23.6,78,682,24.8,51,0
6/16/2019 3:00,5,2,16.6,23.1,80,682,24.2,53,0
6/16/2019 4:00,3,3,16.7,22.6,83,682,23.7,55,0
6/16/2019 5:00,4,-3,16.7,22.3,86,682,23.3,57,0
6/16/2019 6:00,-2,2,16.7,22,87,683,23,59,0
6/16/2019 7:00,-1,-3,16.7,22.1,87,683,22.9,60,0
6/16/2019 8:00,-5,-11,16.6,22.9,83,683,23.6,57,0
6/16/2019 9:00,-5,-2,16.6,24.3,75,684,25.4,51,0
6/16/2019 10:00,-4,-3,16.6,26.2,65,684,27.8,42,0
6/16/2019 11:00,-2,2,16.6,28,55,683,29.9,35,0
6/16/2019 12:00,1,-1,16.6,29,50,683,31.1,31,0
6/16/2019 13:00,2,1,16.6,30.1,47,682,32.3,29,0
6/16/2019 14:00,2,-2,16.6,31,43,682,33.6,26,0
6/16/2019 15:00,1,6,16.6,31.6,41,681,35,23,0
6/16/2019 16:00,2,1,16.6,32.2,40,681,35.7,23,0
6/16/2019 17:00,2,-4,16.7,31.5,42,681,35.3,23,0
6/16/2019 18:00,-2,1,16.6,31.2,43,681,34.4,24,0
6/16/2019 19:00,1,6,16.7,30.2,47,681,33,27,0
6/16/2019 20:00,0,-3,16.7,29.4,49,682,31.1,31,0
6/16/2019 21:00,-1,1,16.7,28.8,48,683,30.3,31,0
6/16/2019 22:00,0,1,16.7,27.7,52,683,29.4,33,0
6/16/2019 23:00,2,2,16.7,26,66,684,28.2,40,0
6/17/2019 0:00,4,2,16.7,25.5,68,684,27.1,43,0
6/17/2019 1:00,4,2,16.7,24.9,71,683,26.4,46,0
6/17/2019 2:00,1,-1,16.6,24.2,75,683,25.6,49,0
6/17/2019 3:00,1,1,16.7,23.4,77,683,24.9,50,0
6/17/2019 4:00,1,4,16.7,22.8,80,683,24.1,52,0
6/17/2019 5:00,5,3,16.7,22.4,82,683,23.6,54,0
6/17/2019 6:00,3,2,16.7,22.1,84,683,23.2,56,0
6/17/2019 7:00,-1,-4,16.6,22.1,84,683,23,57,0
6/17/2019 8:00,-7,-2,16.7,22.5,82,684,23.6,55,0
6/17/2019 9:00,-4,-7,16.6,23.9,76,684,24.9,51,0
6/17/2019 10:00,0,0,16.6,25.6,67,684,27.3,43,0
6/17/2019 11:00,0,3,16.6,27.1,60,684,29.4,37,0
6/17/2019 12:00,-3,0,16.6,28.5,54,683,30.9,33,0
6/17/2019 13:00,-1,-1,16.6,29.4,51,683,32.2,30,0
6/17/2019 14:00,99999,99999,0.9,30.8,44,682,35.1,33,128
6/17/2019 15:00,99999,45,14.4,31,43,682,36.9,24,768
6/17/2019 16:00,71679,45,16.6,31.6,40,682,39.3,19,0
6/17/2019 17:00,54,59,16.6,31.8,40,682,40.6,17,0
6/17/2019 18:00,51,53,16.7,31,42,682,40.3,17,0
6/17/2019 19:00,49,49,16.7,29.7,45,682,38.3,19,0
6/17/2019 20:00,50,49,16.7,29.1,49,682,36.9,22,0
6/17/2019 21:00,99999,51,16,27.9,54,683,33.2,27,384
6/17/2019 22:00,68343,37,16.6,27.1,58,683,32.7,30,0
6/17/2019 23:00,51,54,16.7,26.2,64,683,33.6,30,0
6/18/2019 0:00,49,48,16.7,25.5,68,683,33,31,0
6/18/2019 1:00,47,48,16.7,24.7,72,683,32.4,33,0
6/18/2019 2:00,47,51,16.7,24,75,682,31.8,34,0
6/18/2019 3:00,50,51,16.7,23.6,77,682,31.2,35,0
6/18/2019 4:00,52,49,16.7,23.2,80,682,30.8,36,0
6/18/2019 5:00,49,50,16.7,22.9,81,682,30.4,37,0
6/18/2019 6:00,48,51,16.6,22.6,83,682,30.1,38,0
6/18/2019 7:00,50,48,16.7,22.5,83,682,29.9,38,0
6/18/2019 8:00,43,44,16.6,23.3,79,683,30.5,37,0
6/18/2019 9:00,51,55,16.6,24.5,72,683,31.5,34,0
6/18/2019 10:00,10045,99999,15.1,25.7,67,683,32.7,31,512
6/18/2019 11:00,99999,-9,8.4,26.9,60,683,33.3,28,768
6/18/2019 12:00,59998,-3,16.7,27.4,57,683,34.9,27,0
6/18/2019 12:16,-4,-3,16.5,28.7,54,682,36,26,0
6/18/2019 12:17,-2,-3,16.7,29.5,51,682,36.3,25,0
6/18/2019 12:18,-3,-3,16.7,29.3,51,682,36.3,25,0
6/18/2019 12:19,-3,-3,16.7,29.1,52,682,36.4,24,0
6/18/2019 12:20,-3,-3,16.7,28.9,53,682,36.4,24,0
6/18/2019 12:21,-2,-3,16.7,28.7,53,682,36.4,24,0
6/18/2019 12:22,-2,-3,16.7,28.5,54,682,36.4,24,0
6/18/2019 12:23,-2,-3,16.7,28.6,54,682,36.5,24,0
6/18/2019 12:24,-1,-3,16.7,28.7,53,682,36.5,24,0
6/18/2019 12:25,-1,-3,16.7,28.6,53,682,36.5,24,0
6/18/2019 12:26,-1,-3,16.7,28.5,53,682,36.5,24,0
6/18/2019 12:27,-1,-3,16.7,28.6,53,682,36.5,24,0
6/18/2019 12:28,-1,-3,16.7,28.6,53,682,36.6,24,0
6/18/2019 12:29,-1,-3,16.7,28.9,52,682,36.6,24,0
6/18/2019 12:30,-2,-3,16.7,29,52,682,36.6,24,0
6/18/2019 12:31,-1,-3,16.7,29.1,53,682,36.6,24,0
6/18/2019 12:32,-1,-3,16.7,29.3,52,682,36.7,24,0
6/18/2019 12:33,-1,-3,16.7,29.1,53,682,36.7,24,0
6/18/2019 12:34,-2,-3,16.7,29.3,52,682,36.7,24,0
6/18/2019 12:35,-2,-3,16.7,29.3,50,682,36.7,24,0
6/18/2019 12:36,-2,-3,16.7,29.3,50,682,36.8,23,0
6/18/2019 12:37,-1,-3,16.7,29.2,50,682,36.8,23,0
6/18/2019 12:38,-2,-3,16.7,29.4,50,682,36.8,23,0
6/18/2019 12:39,-3,-3,16.7,29.6,50,682,36.9,24,0
6/18/2019 12:40,-4,-3,16.7,29.5,50,682,36.9,23,0
6/18/2019 12:41,-5,-3,16.7,29.1,51,682,36.9,23,0
6/18/2019 12:42,-5,-3,16.7,28.5,52,682,36.9,23,0
6/18/2019 12:43,-4,-3,16.7,28.3,53,682,36.9,23,0
6/18/2019 12:44,-2,-3,16.7,28.6,52,682,36.9,23,0
6/18/2019 12:45,0,-3,16.7,28.8,52,682,36.9,23,0
6/18/2019 12:46,0,-3,16.7,29,51,682,37,23,0
6/18/2019 12:47,1,-3,16.7,29.1,51,682,37,23,0
6/18/2019 12:48,0,-3,16.7,29,51,682,37,23,0
6/18/2019 12:49,0,-3,16.7,28.9,52,682,37,23,0
6/18/2019 12:50,0,-3,16.7,29,52,682,37,23,0
6/18/2019 12:51,0,-3,16.7,28.9,52,682,37,23,0
6/18/2019 12:52,1,-3,16.7,28.6,53,682,37,23,0
6/18/2019 12:53,1,-3,16.7,28.6,53,682,37,23,0
6/18/2019 12:54,0,-3,16.7,28.8,52,682,37,23,0
6/18/2019 12:55,0,-3,16.7,29,52,682,37,24,0
6/18/2019 12:56,-1,-3,16.7,29,52,682,37,23,0
6/18/2019 12:57,-1,-3,16.7,29.2,51,682,37,23,0
6/18/2019 12:58,-1,-3,16.7,29.2,51,682,37,23,0
6/18/2019 12:59,-1,-3,16.7,29.1,51,682,37,23,0
6/18/2019 13:00,-1,2,16.7,29.1,51,682,37.1,23,0
6/18/2019 13:01,-1,2,14,29.2,51,682,37.1,23,0
6/18/2019 13:02,-1,2,16.8,29.3,50,682,37.1,23,0
6/18/2019 13:03,0,2,16.8,29.5,49,682,37.1,23,0
6/18/2019 13:04,1,2,16.7,29.4,50,682,37.2,23,0
6/18/2019 13:05,3,2,16.7,29.4,50,682,37.2,23,0
6/18/2019 13:06,3,2,16.7,29.3,50,682,37.3,23,0
6/18/2019 13:07,3,2,16.7,29.6,50,682,37.3,23,0
6/18/2019 13:08,2,2,16.7,29.8,49,682,37.3,23,0
6/18/2019 13:09,1,2,16.7,30.1,48,682,37.3,23,0
6/18/2019 13:10,1,2,16.7,30.1,47,682,37.4,23,0
6/18/2019 13:11,1,2,16.7,29.9,48,682,37.5,22,0
6/18/2019 13:12,1,2,16.7,29.8,49,682,37.5,22,0
6/18/2019 13:13,1,2,16.7,30,49,682,37.5,23,0
6/18/2019 13:14,1,2,16.7,30.3,48,682,37.6,23,0
6/18/2019 13:15,0,2,16.7,30.4,48,682,37.6,23,0
6/18/2019 13:16,0,2,16.7,30.2,47,682,37.7,22,0
6/18/2019 13:17,-1,2,16.7,29.8,48,682,37.7,22,0
6/18/2019 13:18,-1,2,16.7,29.8,48,682,37.7,22,0
6/18/2019 13:19,-1,2,16.7,29.9,48,682,37.8,22,0
6/18/2019 13:20,-1,2,16.6,29.9,48,682,37.8,22,0
6/18/2019 13:21,0,2,16.6,29.9,48,682,37.9,22,0
6/18/2019 13:22,0,2,16.7,30.2,48,681,37.9,22,0
6/18/2019 13:23,0,2,16.7,30.2,48,681,37.9,22,0
6/18/2019 13:24,0,2,16.7,30.4,47,681,37.9,22,0
6/18/2019 13:25,0,2,16.7,30.7,46,681,38,22,0
6/18/2019 13:26,0,2,16.7,30.6,46,681,38.1,22,0
6/18/2019 13:27,0,2,16.7,30.6,46,681,38.1,22,0
6/18/2019 13:28,0,2,16.7,30.9,45,681,38.1,21,0
6/18/2019 13:29,-1,2,16.7,30.8,45,681,38.2,21,0
6/18/2019 13:30,0,2,16.7,30.8,45,681,38.3,21,0
6/18/2019 13:31,-1,2,16.7,30.8,46,681,38.3,21,0
6/18/2019 13:32,-1,2,16.7,30.5,46,681,38.3,21,0
6/18/2019 13:33,-1,2,16.7,30.6,45,681,38.4,21,0
6/18/2019 13:34,-2,2,16.7,30.5,45,681,38.4,20,0
6/18/2019 13:35,-2,2,16.7,30.7,45,681,38.5,21,0
6/18/2019 13:36,-1,2,16.7,31,44,681,38.5,21,0
6/18/2019 13:37,-1,2,16.7,30.9,43,681,38.5,20,0
6/18/2019 13:38,-1,2,16.7,30.7,44,681,38.6,20,0
6/18/2019 13:39,0,2,16.7,30.3,45,681,38.6,20,0
6/18/2019 13:40,-1,2,16.7,29.9,46,681,38.6,20,0
6/18/2019 13:41,0,2,16.7,30,45,681,38.7,20,0
6/18/2019 13:42,0,2,16.7,29.9,46,681,38.7,20,0
6/18/2019 13:43,0,2,16.7,30.1,46,681,38.6,20,0
6/18/2019 13:44,0,2,16.7,30.5,45,681,38.7,20,0
6/18/2019 13:45,-1,2,16.7,30.8,45,681,38.7,20,0
6/18/2019 13:46,-2,2,16.7,30.9,45,681,38.8,20,0
6/18/2019 13:47,-2,2,16.7,31.2,44,681,38.8,21,0
6/18/2019 13:48,-2,2,16.7,31.1,45,681,38.8,20,0
6/18/2019 13:49,-2,2,16.7,30.8,45,681,38.8,20,0
6/18/2019 13:50,-2,2,16.7,31.2,44,681,38.9,20,0
6/18/2019 13:51,-1,2,16.7,31.1,44,681,38.9,20,0
6/18/2019 13:52,0,2,16.7,31.2,43,681,39,20,0
6/18/2019 13:53,0,2,16.7,31.6,43,681,39,20,0
6/18/2019 13:54,0,2,16.7,31.4,42,681,39,20,0
6/18/2019 13:55,0,2,16.7,30.8,44,681,39.1,19,0
6/18/2019 13:56,0,2,16.7,30.4,45,681,39.1,20,0
6/18/2019 13:57,0,2,16.7,30.8,44,681,39.2,20,0
6/18/2019 13:58,1,2,16.7,31.3,43,681,39.2,20,0
6/18/2019 13:59,1,2,16.7,31.4,43,681,39.2,19,0
6/18/2019 14:00,1,1,16.7,31.1,44,681,39.3,20,0
6/18/2019 14:01,1,1,14,31.2,43,681,39.3,20,0
6/18/2019 14:02,2,1,16.7,30.9,44,681,39.4,19,0
6/18/2019 14:03,2,1,16.7,30.7,44,681,39.3,19,0
6/18/2019 14:04,0,1,16.7,30.5,45,681,39.3,19,0
6/18/2019 14:05,1,1,16.7,30.4,45,681,39.4,19,0
6/18/2019 14:06,2,1,16.7,30.2,45,681,39.4,19,0
6/18/2019 14:07,3,1,16.7,30.1,45,681,39.4,19,0
6/18/2019 14:08,3,1,16.7,30.2,44,681,39.3,19,0
6/18/2019 14:09,3,1,16.7,29.9,44,681,39.3,19,0
6/18/2019 14:10,4,1,16.7,30,43,681,39.3,18,0
6/18/2019 14:11,4,1,16.7,30.2,43,681,39.3,18,0
6/18/2019 14:12,4,1,16.7,30.4,42,681,39.3,18,0
6/18/2019 14:13,4,1,16.7,30.6,42,681,39.3,18,0
6/18/2019 14:14,5,1,16.7,30.9,42,681,39.3,19,0
6/18/2019 14:15,5,1,16.7,31.1,41,681,39.3,19,0
6/18/2019 14:16,6,1,16.7,31.2,42,681,39.4,19,0
6/18/2019 14:17,6,1,16.7,31.2,42,681,39.4,19,0
6/18/2019 14:18,5,1,16.7,31.5,42,681,39.4,19,0
6/18/2019 14:19,5,1,16.7,31.8,41,681,39.5,19,0
6/18/2019 14:20,4,1,16.7,31.7,41,681,39.5,19,0
6/18/2019 14:21,3,1,16.7,31.9,41,681,39.6,19,0
6/18/2019 14:22,2,1,16.7,32.1,40,681,39.7,19,0
6/18/2019 14:23,1,1,16.7,32.2,40,681,39.7,19,0
6/18/2019 14:24,0,1,16.7,32.2,40,681,39.8,18,0
6/18/2019 14:25,-2,1,16.7,31.9,41,681,39.8,18,0
6/18/2019 14:26,-3,1,16.7,32,40,681,39.9,18,0
6/18/2019 14:27,-4,1,16.7,32.2,40,681,40,18,0
6/18/2019 14:28,-6,1,16.7,32.3,40,681,40,18,0
6/18/2019 14:29,-6,1,16.7,32.3,40,681,40,18,0
6/18/2019 14:30,-6,1,16.7,32.2,40,681,40.1,18,0
6/18/2019 14:31,-5,1,16.7,32.2,40,681,40.1,18,0
6/18/2019 14:32,-4,1,16.7,32.2,41,681,40.2,18,0
6/18/2019 14:33,-4,1,16.7,32.3,40,681,40.2,18,0
6/18/2019 14:34,-3,1,16.7,32.3,39,681,40.2,18,0
6/18/2019 14:35,-3,1,16.7,32.1,40,681,40.3,18,0
6/18/2019 14:36,-2,1,16.7,31.8,40,681,40.3,18,0
6/18/2019 14:37,-2,1,16.7,31.4,41,681,40.3,17,0
6/18/2019 14:38,-2,1,16.7,31.4,42,681,40.3,18,0
6/18/2019 14:39,-2,1,16.7,31.3,42,681,40.3,18,0
6/18/2019 14:40,-3,1,16.7,31.1,42,681,40.3,18,0
6/18/2019 14:41,-3,1,16.7,31.1,42,681,40.3,18,0
6/18/2019 14:42,-3,1,16.7,31.1,42,681,40.3,18,0
6/18/2019 14:43,-2,1,16.7,31,42,681,40.3,18,0
6/18/2019 14:44,-1,1,16.7,31.4,42,681,40.3,18,0
6/18/2019 14:45,0,1,16.7,31.8,41,681,40.3,18,0
6/18/2019 14:46,1,1,16.7,32.2,40,681,40.3,18,0
6/18/2019 14:47,2,1,16.7,31.9,41,681,40.4,18,0
6/18/2019 14:48,1,1,16.7,31.9,41,681,40.4,18,0
6/18/2019 14:49,1,1,16.7,31.8,41,681,40.4,18,0
6/18/2019 14:50,0,1,16.7,32.1,41,681,40.4,18,0
6/18/2019 14:51,-1,1,16.7,32.2,40,681,40.4,18,0
6/18/2019 14:52,-1,1,16.7,32.2,40,681,40.5,18,0
6/18/2019 14:53,-2,1,16.7,32.2,41,681,40.5,18,0
6/18/2019 14:54,-3,1,16.7,32.1,41,681,40.5,18,0
6/18/2019 14:55,-3,1,16.7,31.8,41,681,40.5,18,0
6/18/2019 14:56,-3,1,16.7,31.7,41,681,40.5,18,0
6/18/2019 14:57,-3,1,16.7,31.9,40,681,40.5,18,0
6/18/2019 14:58,-3,1,16.7,32.1,40,681,40.6,18,0
6/18/2019 14:59,-3,1,16.7,32.2,40,681,40.6,18,0
6/18/2019 15:00,-3,-6,16.7,32.2,40,681,40.6,18,0
6/18/2019 15:01,-3,-6,14,32.1,40,681,40.6,18,0
6/18/2019 15:02,-3,-6,16.7,32,41,681,40.6,18,0
6/18/2019 15:03,-4,-6,16.7,31.9,41,681,40.6,18,0
6/18/2019 15:04,-4,-6,16.7,31.7,41,681,40.6,17,0
6/18/2019 15:05,-3,-6,16.7,31.5,42,680,40.6,18,0
6/18/2019 15:06,-3,-6,16.7,31.5,42,680,40.6,18,0
6/18/2019 15:07,-3,-6,16.7,31.5,42,680,40.5,18,0
6/18/2019 15:08,-4,-6,16.7,31.3,42,680,40.5,18,0
6/18/2019 15:09,-4,-6,16.7,31.2,43,680,40.5,18,0
6/18/2019 15:10,-4,-6,16.7,31.3,43,680,40.5,18,0
6/18/2019 15:11,-3,-6,16.7,31.4,43,680,40.5,18,0
6/18/2019 15:12,-3,-6,16.7,31.8,42,680,40.5,18,0
6/18/2019 15:13,-2,-6,16.7,32.1,41,680,40.5,18,0
6/18/2019 15:14,-2,-6,16.7,32.3,40,680,40.5,18,0
6/18/2019 15:15,-2,-6,16.7,32.3,39,680,40.5,17,0
6/18/2019 15:16,-2,-6,16.7,32.1,39,680,40.5,17,0
6/18/2019 15:17,-2,-6,16.7,31.9,40,680,40.5,17,0
6/18/2019 15:18,-2,-6,16.7,32,40,680,40.5,18,0
6/18/2019 15:19,-3,-6,16.7,32,40,680,40.5,17,0
6/18/2019 15:20,-2,-6,16.7,32,40,680,40.5,17,0
6/18/2019 15:21,-2,-6,16.7,32,40,680,40.5,17,0
6/18/2019 15:22,-1,-6,16.7,32.1,40,680,40.5,17,0
6/18/2019 15:23,-1,-6,16.7,31.9,40,680,40.5,17,0
6/18/2019 15:24,-1,-6,16.7,31.5,42,680,40.4,17,0
6/18/2019 15:25,0,-6,16.7,31.3,42,681,40.5,17,0
6/18/2019 15:26,1,-6,16.7,31.1,42,681,40.5,17,0
6/18/2019 15:27,2,-6,16.7,30.9,43,680,40.4,18,0
6/18/2019 15:28,3,-6,16.7,30.9,43,680,40.4,18,0
6/18/2019 15:29,4,-6,16.7,31,43,680,40.4,18,0
6/18/2019 15:30,6,-6,16.7,31.1,42,680,40.4,18,0
6/18/2019 15:31,7,-6,16.7,31.1,41,680,40.4,17,0
6/18/2019 15:32,8,-6,16.7,31,42,680,40.3,17,0
6/18/2019 15:33,8,-6,16.7,31.1,41,680,40.3,17,0
6/18/2019 15:34,8,-6,16.7,31,41,680,40.3,17,0
6/18/2019 15:35,8,-6,16.7,30.7,42,680,40.2,17,0
6/18/2019 15:36,8,-6,16.7,30.5,43,680,40.2,17,0
6/18/2019 15:37,7,-6,16.7,30.4,43,680,40.2,17,0
6/18/2019 15:38,7,-6,16.7,30.4,43,680,40.2,17,0
6/18/2019 15:39,7,-6,16.7,30.5,43,680,40.1,18,0
6/18/2019 15:40,8,-6,16.7,30.5,43,680,40.1,18,0
6/18/2019 15:41,9,-6,16.7,30.5,43,680,40.1,18,0
6/18/2019 15:42,9,-6,16.7,30.5,43,680,40,18,0
6/18/2019 15:43,9,-6,16.7,30.6,43,680,40,18,0
6/18/2019 15:44,9,-6,16.7,30.6,43,680,40,18,0
6/18/2019 15:45,8,-6,16.7,30.6,43,680,39.9,18,0
6/18/2019 15:46,7,-6,16.7,30.7,42,680,39.9,18,0
6/18/2019 15:47,6,-6,16.7,30.8,43,680,39.9,18,0
6/18/2019 15:48,6,-6,16.7,30.9,42,680,39.9,18,0
6/18/2019 15:49,5,-6,16.7,31,42,680,39.9,18,0
6/18/2019 16:00,6,8,16.7,30.9,42,680,39.5,18,0
6/18/2019 17:00,6,-2,16.7,30.5,43,680,38.9,19,0
6/18/2019 18:00,-2,-2,16.7,30.5,42,681,38.4,19,0
6/18/2019 19:00,1,2,16.7,29.7,45,681,37.8,20,0
6/18/2019 20:00,-1,5,16.7,27.5,59,681,35.8,26,0
6/18/2019 21:00,0,-5,16.7,25.5,71,682,32.8,33,0
6/18/2019 22:00,-1,1,16.6,25.7,65,682,32.6,31,0
6/18/2019 23:00,0,0,16.6,25.2,66,683,32.5,31,0
6/19/2019 0:00,1,4,16.7,24.5,69,683,32,31,0
6/19/2019 1:00,3,1,16.7,23.9,72,682,31.5,33,0
6/19/2019 2:00,-2,0,16.7,23.3,75,682,31,34,0
6/19/2019 3:00,-1,1,16.7,22.9,78,681,30.5,35,0
6/19/2019 4:00,3,-1,16.6,22.4,80,681,30.1,36,0
6/19/2019 5:00,-4,0,16.7,22,83,681,29.8,37,0
6/19/2019 6:00,5,0,16.7,21.7,87,681,29.5,39,0
6/19/2019 7:00,2,-2,16.6,21.8,87,681,29.3,40,0
6/19/2019 8:00,-2,-5,16.6,23.2,79,682,30.1,38,0
6/19/2019 9:00,-4,0,16.6,24.6,73,682,31.6,35,0
6/19/2019 10:00,-1,0,16.6,26.7,63,682,33.7,30,0
6/19/2019 11:00,1,0,16.6,28,57,682,35.7,26,0
6/19/2019 12:00,-5,-3,16.7,29.2,52,682,37.1,24,0
6/19/2019 13:00,-4,-2,16.6,30.5,48,681,38.5,22,0
6/19/2019 14:00,-3,1,16.6,31.4,45,680,39.7,20,0
6/19/2019 15:00,1,2,16.6,32.1,41,680,40.7,18,0
6/19/2019 16:00,0,2,16.7,32.2,41,680,41.2,17,0
6/19/2019 17:00,1,1,16.7,31.6,43,680,40.5,18,0
6/19/2019 18:00,-1,2,16.7,30.9,45,680,39.4,19,0
6/19/2019 19:00,-1,0,16.7,30,47,680,38.1,21,0
6/19/2019 20:00,99999,34,16.4,27.5,58,681,36.3,25,768
6/19/2019 21:00,13361,28,16.6,27,61,681,35,27,0
6/19/2019 22:00,28,31,16.6,26.4,63,682,34.3,29,0
6/19/2019 23:00,30,33,16.6,25.6,67,682,33.7,30,0
6/20/2019 0:00,31,30,16.6,24.8,70,682,32.8,32,0
6/20/2019 1:00,33,26,16.7,24.3,73,682,32.2,33,0
6/20/2019 2:00,26,25,16.6,23.9,75,681,31.8,34,0
6/20/2019 3:00,25,23,16.6,23.3,79,681,31.4,36,0
6/20/2019 4:00,21,26,16.6,23.1,81,681,31,37,0
6/20/2019 5:00,24,22,16.6,22.9,81,681,30.8,37,0
6/20/2019 6:00,21,25,16.7,22.8,82,681,30.6,38,0
6/20/2019 7:00,28,36,16.6,22.9,82,682,30.6,38,0
6/20/2019 8:00,34,28,16.6,23.6,79,682,31.1,37,0
6/20/2019 9:00,26,22,16.6,24.6,72,683,32.2,34,0
6/20/2019 10:00,17,14,16.6,26,65,683,33.6,31,0
6/20/2019 11:00,14,15,16.6,27.6,58,683,35.4,27,0
6/20/2019 12:00,14,15,16.6,28.6,54,683,36.6,25,0
6/20/2019 13:00,13,15,16.6,29.6,50,682,37.6,23,0
6/20/2019 14:00,19,16,16.6,29.6,50,681,38.1,22,0
6/20/2019 15:00,11,14,16.6,30.6,47,681,38.8,21,0
6/20/2019 16:00,15,14,16.6,30.7,46,680,39.6,20,0
6/20/2019 17:00,86668,12,11.7,30.6,46,680,36.7,22,768
6/20/2019 18:00,71670,11,16.6,29.9,48,680,36.2,22,0
6/20/2019 19:00,11,16,16.6,28.7,51,680,35.3,22,0
6/20/2019 20:00,20,20,16.6,27.5,53,681,33.7,24,0
6/20/2019 21:00,22,23,16.6,26.7,56,681,32.7,25,0
6/20/2019 22:00,23,28,16.6,25.7,62,682,31.6,28,0
6/20/2019 23:00,28,28,16.6,25.1,66,682,30.8,30,0
6/21/2019 0:00,25,19,16.6,24.4,69,682,30.3,31,0
6/21/2019 1:00,18,18,16.6,23.4,72,682,29.4,33,0
6/21/2019 2:00,18,17,16.6,22.8,75,681,28.7,35,0
6/21/2019 3:00,16,18,16.6,22.5,78,681,28.3,36,0
6/21/2019 4:00,15,18,16.6,22,81,681,27.9,37,0
6/21/2019 5:00,19,17,16.6,21.5,83,681,27.5,38,0
6/21/2019 6:00,18,25,16.6,21.3,84,681,27.2,38,0
6/21/2019 7:00,24,30,16.6,21.5,82,681,27.2,38,0
6/21/2019 8:00,29,33,16.6,22,80,682,27.6,37,0
6/21/2019 9:00,29,32,16.6,22.8,77,682,28.4,36,0
6/21/2019 10:00,31,32,16.6,24.3,71,682,29.9,33,0
6/21/2019 11:00,32,29,16.6,26.6,62,682,32.3,29,0
6/21/2019 12:00,30,31,16.6,27.5,58,682,34.1,26,0
6/21/2019 13:00,28,31,16.6,28,57,681,34.7,25,0
6/21/2019 14:00,34,30,16.6,28.6,54,681,35.2,24,0
6/21/2019 15:00,31,31,16.6,29.2,51,680,36.1,22,0
6/21/2019 16:00,29,30,16.6,29.6,49,680,36.5,21,0
6/21/2019 17:00,33,32,16.6,28.7,52,680,35.6,22,0
6/21/2019 18:00,32,36,16.6,28.2,55,680,34.8,24,0
6/21/2019 19:00,35,24,16.7,25.5,72,680,32.9,30,0
6/21/2019 20:00,17,15,16.7,24.9,75,681,31,33,0
6/21/2019 21:00,17,16,16.6,24.8,74,681,30.5,34,0
6/21/2019 22:00,14,17,16.6,24.3,76,682,30.1,35,0
6/21/2019 23:00,19,16,16.6,23.9,75,682,29.9,34,0
6/22/2019 0:00,13,13,16.6,23.4,76,681,29.4,34,0
6/22/2019 1:00,10,13,16.6,23,79,681,29,36,0
6/22/2019 2:00,13,13,16.6,22.5,83,681,28.6,38,0
6/22/2019 3:00,12,13,16.6,22.4,82,681,28.2,38,0
6/22/2019 4:00,10,10,16.7,22.2,83,681,28.1,38,0
6/22/2019 5:00,11,9,16.6,22.1,85,681,28,39,0
6/22/2019 6:00,9,9,16.7,22,84,681,27.9,39,0
6/22/2019 7:00,7,15,16.6,22.1,83,681,27.9,38,0
6/22/2019 8:00,16,15,16.6,22.8,80,681,28.5,37,0
6/22/2019 9:00,11,18,16.6,24.2,74,681,29.9,35,0
6/22/2019 10:00,17,16,16.6,25.3,69,682,31.2,32,0
6/22/2019 11:00,14,11,16.6,26.8,61,681,32.7,28,0
6/22/2019 12:00,13,12,16.6,27.8,59,681,34.1,27,0
6/22/2019 13:00,11,11,16.6,28.8,54,681,35.1,25,0
6/22/2019 14:00,16,17,16.6,29.3,53,680,36.1,23,0
6/22/2019 15:00,15,16,16.6,29.2,53,680,36.1,23,0
6/22/2019 16:00,15,15,16.6,27.9,60,679,35,26,0
6/22/2019 17:00,11,17,16.6,28.2,61,679,34.6,27,0
6/22/2019 18:00,15,22,16.6,28.4,58,679,34.6,26,0
6/22/2019 19:00,18,18,16.6,27.1,61,680,33.5,27,0
6/22/2019 20:00,17,18,16.6,26.1,65,680,32.3,29,0
6/22/2019 21:00,17,16,16.6,25.4,67,681,31.5,30,0
6/22/2019 22:00,14,14,16.6,24.7,72,682,30.8,33,0
6/22/2019 23:00,19,25,16.6,24.1,76,681,30.3,34,0
6/23/2019 0:00,22,17,16.6,23.6,78,681,29.9,35,0
6/23/2019 1:00,16,13,16.6,23,81,681,29.3,36,0
6/23/2019 2:00,13,14,16.6,22.7,82,680,28.9,37,0
6/23/2019 3:00,13,13,16.6,22.4,83,680,28.7,37,0
6/23/2019 4:00,10,7,16.7,22.1,85,679,28.3,38,0
6/23/2019 5:00,11,11,16.6,22,85,680,28.1,39,0
6/23/2019 6:00,14,13,16.6,22,85,680,28.1,39,0
6/23/2019 7:00,18,18,16.6,22.2,85,680,28.2,39,0
6/23/2019 8:00,13,15,16.6,22.8,82,681,28.7,38,0
6/23/2019 9:00,8,13,16.6,23.9,75,681,29.8,35,0
6/23/2019 10:00,16,19,16.6,24.5,72,681,30.8,33,0
6/23/2019 12:00,99999,0,16.3,27.2,60,680,28.2,37,384
6/23/2019 13:00,40003,18,16.6,27.8,59,680,32.3,30,0
6/23/2019 14:00,18,10,16.6,26.3,70,680,32.9,31,0
6/23/2019 15:00,99999,31,15.8,24.2,85,679,30.8,38,384
6/23/2019 16:00,76667,-2,16.6,25.5,78,679,30.7,37,0
6/23/2019 17:00,10,18,16.6,24.7,81,679,32,34,0
6/23/2019 18:00,17,19,16.6,24.2,85,679,31.3,37,0
6/23/2019 19:00,24,24,16.6,24.2,85,679,31.2,37,0
6/23/2019 20:00,20,19,16.7,23.6,87,680,30.4,38,0
6/23/2019 21:00,18,17,16.6,23.6,87,680,30.2,38,0
6/23/2019 22:00,19,19,16.6,23.5,87,681,30.1,39,0
6/23/2019 23:00,17,12,16.6,23.1,88,681,29.7,39,0
6/24/2019 0:00,13,11,16.7,22.7,89,681,29.4,39,0
6/24/2019 1:00,10,16,16.6,22.5,88,681,29,39,0
6/24/2019 2:00,14,16,16.6,22.2,88,681,28.8,39,0
6/24/2019 3:00,15,13,16.7,21.9,91,680,28.5,40,0
6/24/2019 4:00,15,15,16.6,21.8,90,680,28.5,40,0
6/24/2019 5:00,18,19,16.6,21.6,90,680,28.3,40,0
6/24/2019 6:00,21,21,16.6,21.4,90,680,28,40,0
6/24/2019 7:00,22,24,16.6,21.7,89,681,28,40,0
6/24/2019 8:00,25,30,16.6,22.5,85,681,28.6,38,0
6/24/2019 9:00,29,25,16.6,24,76,682,30.3,35,0
6/24/2019 10:00,22,17,16.6,25.8,68,682,32.1,31,0
6/24/2019 11:00,18,18,16.6,27,64,682,34.1,28,0
6/24/2019 12:00,17,18,16.6,27.4,62,682,34.7,26,0
6/24/2019 13:00,21,15,16.6,28.3,59,681,35.1,26,0
6/24/2019 14:00,19,26,16.6,29.5,53,680,36.8,23,0
6/24/2019 15:00,21,16,16.6,29.2,55,680,36.5,23,0
6/24/2019 16:00,19,21,16.6,29.3,54,679,36.8,23,0
6/24/2019 17:00,22,23,16.6,28.4,59,679,36.2,24,0
6/24/2019 18:00,18,10,16.7,25.3,77,680,33,32,0
6/24/2019 19:00,20,27,16.6,25.5,74,680,32.3,32,0
6/24/2019 20:00,31,37,16.6,26,68,681,32.4,30,0
6/24/2019 21:00,32,37,16.6,26.2,64,681,32.3,29,0
6/24/2019 22:00,41,43,16.6,25.7,66,682,32.1,29,0
6/24/2019 23:00,36,27,16.6,24.7,71,682,31.3,31,0
6/25/2019 0:00,28,27,16.6,24.1,74,682,30.5,33,0
6/25/2019 1:00,23,21,16.6,23.7,75,682,30.1,33,0
6/25/2019 2:00,23,21,16.6,23.2,77,681,29.7,34,0
6/25/2019 3:00,21,29,16.6,22.7,80,681,29.3,35,0
6/25/2019 4:00,27,30,16.6,22.3,81,681,28.7,36,0
6/25/2019 5:00,30,29,16.6,22,83,681,28.3,37,0
6/25/2019 6:00,25,32,16.6,21.8,85,681,28.2,38,0
6/25/2019 7:00,33,36,16.6,21.9,87,682,28.3,39,0
6/25/2019 8:00,35,33,16.6,22.8,82,682,29,37,0
6/25/2019 9:00,36,34,16.6,24.2,74,682,30.4,34,0
6/25/2019 10:00,27,27,16.6,25.4,68,683,31.8,31,0
6/25/2019 11:00,25,23,16.6,27,60,682,33.7,27,0
6/25/2019 12:00,24,27,16.6,27.8,57,682,34.6,25,0
6/25/2019 13:00,30,30,16.6,28.7,53,682,35.8,23,0
6/25/2019 14:00,27,30,16.6,29.7,48,681,37.1,21,0
6/25/2019 15:00,28,29,16.6,30.1,47,681,37.6,20,0
6/25/2019 16:00,29,24,16.6,30,46,680,37.2,20,0
6/25/2019 17:00,25,29,16.6,30.4,43,680,37.7,19,0
6/25/2019 18:00,28,31,16.6,29.8,46,681,37.1,19,0
6/25/2019 19:00,31,35,16.6,28.9,48,681,35.4,21,0
6/25/2019 20:00,40,43,16.6,28.3,52,681,34.3,24,0
6/25/2019 21:00,37,28,16.6,25.8,66,682,32.9,28,0
6/25/2019 22:00,24,23,16.6,24.6,73,683,31.1,32,0
6/25/2019 23:00,20,24,16.6,24.1,77,683,30.5,34,0
6/26/2019 0:00,23,21,16.6,23.7,80,683,30,36,0
6/26/2019 1:00,23,23,16.6,23.3,81,683,29.6,37,0
6/26/2019 2:00,21,21,16.6,23,78,682,29.2,35,0
6/26/2019 3:00,23,22,16.6,22.6,82,682,28.8,37,0
6/26/2019 4:00,21,20,16.6,22.2,87,682,28.5,39,0
6/26/2019 5:00,21,20,16.6,22,87,681,28.3,39,0
6/26/2019 6:00,22,29,16.6,21.9,87,682,28.1,40,0
6/26/2019 7:00,28,27,16.6,22.1,86,682,28.2,39,0
6/26/2019 8:00,25,28,16.6,22.5,84,683,28.6,39,0
6/26/2019 9:00,26,28,16.6,23.3,79,683,29.2,37,0
6/26/2019 10:00,24,22,16.6,24.3,74,683,30.3,34,0
6/26/2019 11:00,20,20,16.6,25.8,68,683,32.1,31,0
6/26/2019 12:00,22,23,16.6,26.3,65,682,33.1,29,0
6/26/2019 13:00,21,23,16.6,27.1,61,682,33.6,27,0
6/26/2019 14:00,25,27,16.6,27.9,56,682,34.4,25,0
6/26/2019 15:00,23,25,16.6,28.4,56,681,35.1,25,0
6/26/2019 16:00,23,29,16.6,28.4,56,681,35.4,24,0
6/26/2019 17:00,26,24,16.6,28.4,53,681,35.1,23,0
6/26/2019 18:00,24,28,16.6,28.2,54,681,35,23,0
6/26/2019 19:00,21,16,16.7,27.3,58,681,33.6,26,0
6/26/2019 20:00,18,23,16.6,26.7,56,682,32.5,26,0
6/26/2019 21:00,23,24,16.6,25.9,60,682,31.9,27,0
6/26/2019 22:00,26,25,16.6,25.4,64,683,31.6,29,0
6/26/2019 23:00,30,34,16.6,24.8,68,683,31.2,30,0
6/27/2019 0:00,23,19,16.6,24.2,71,683,30.6,32,0
6/27/2019 1:00,22,26,16.6,23.9,73,683,30.2,33,0
6/27/2019 2:00,27,21,16.6,23.4,75,682,29.9,33,0
6/27/2019 3:00,17,15,16.6,23,78,682,29.6,35,0
6/27/2019 4:00,15,16,16.6,22.7,80,682,29.1,36,0
6/27/2019 5:00,19,23,16.6,22.4,81,681,28.9,36,0
6/27/2019 6:00,22,30,16.6,22.2,83,681,28.7,37,0
6/27/2019 7:00,31,34,16.6,22.2,83,682,28.5,37,0
6/27/2019 8:00,34,33,16.6,23.2,78,682,29.3,36,0
6/27/2019 9:00,32,27,16.6,24.1,75,683,30.5,34,0
6/27/2019 10:00,27,32,16.6,25.6,68,682,32.2,30,0
6/27/2019 11:00,28,23,16.6,27,62,682,33.6,28,0
6/27/2019 12:00,27,25,16.6,28.2,57,682,34.6,25,0
6/27/2019 13:00,26,27,16.6,28.8,55,681,35.7,24,0
6/27/2019 14:00,21,16,16.6,29.6,49,681,35.7,23,0
6/27/2019 15:00,19,25,16.6,30.9,45,680,36.9,20,0
6/27/2019 16:00,24,23,16.6,29.9,50,680,36.8,21,0
6/27/2019 17:00,22,28,16.7,27.8,55,680,35.2,23,0
6/27/2019 18:00,20,13,16.7,26,65,681,31.5,30,0
6/27/2019 19:00,19,22,16.7,25.7,66,681,31.4,30,0
6/27/2019 20:00,19,18,16.7,24.6,64,682,30.2,30,0
6/27/2019 21:00,17,22,16.6,24.3,66,682,29.4,31,0
6/27/2019 22:00,21,32,16.6,24,69,683,29,33,0
6/27/2019 23:00,29,30,16.6,23.7,72,683,28.7,34,0
6/28/2019 0:00,25,25,16.6,23.2,73,683,28.3,35,0
6/28/2019 1:00,21,25,16.6,23,75,682,28,36,0
6/28/2019 2:00,25,23,16.6,22.7,76,682,27.8,36,0
6/28/2019 3:00,18,18,16.6,22.2,80,682,27.5,38,0
6/28/2019 4:00,16,21,16.6,22.1,80,681,27.3,38,0
6/28/2019 5:00,24,21,16.6,21.8,81,681,27,39,0
6/28/2019 6:00,19,23,16.6,21.8,80,682,26.9,38,0
6/28/2019 7:00,26,27,16.6,21.9,80,682,27,38,0
6/28/2019 8:00,28,32,16.6,22.2,79,682,27.3,38,0
6/28/2019 9:00,26,21,16.6,23.6,72,683,28.4,36,0
6/28/2019 10:00,27,29,16.6,25.3,64,683,30.3,31,0
6/28/2019 11:00,27,22,16.6,26.3,58,683,31.5,28,0
6/28/2019 12:00,19,21,16.6,28,52,682,32.9,25,0
6/28/2019 13:00,25,28,16.6,28.9,48,682,34.4,22,0
6/28/2019 14:00,24,21,16.6,30.1,43,681,35.8,20,0
6/28/2019 15:00,18,23,16.6,30.7,40,680,37.5,17,0
6/28/2019 16:00,24,23,16.6,31.1,39,680,38.3,17,0
6/28/2019 17:00,18,25,16.6,30.8,40,680,38.4,17,0
6/28/2019 18:00,24,24,16.7,30,43,680,37.4,18,0
6/28/2019 19:00,25,31,16.7,28.6,48,681,35.3,21,0
6/28/2019 20:00,28,31,16.6,27.5,50,681,33.4,23,0
6/28/2019 21:00,32,30,16.6,26.3,56,682,32,26,0
6/28/2019 22:00,66,77,16.6,25.5,60,682,31.1,27,0
6/28/2019 23:00,45,30,16.6,24.7,65,683,30.4,29,0
6/29/2019 0:00,30,28,16.6,24,69,683,29.7,32,0
6/29/2019 1:00,25,29,16.6,23.4,73,682,29.1,33,0
6/29/2019 2:00,22,25,16.6,22.8,77,682,28.6,35,0
6/29/2019 3:00,21,22,16.6,22.5,80,681,28.3,37,0
6/29/2019 4:00,25,23,16.6,22.1,82,681,28,37,0
6/29/2019 5:00,20,19,16.6,21.8,83,681,27.6,38,0
6/29/2019 6:00,24,23,16.6,21.6,85,681,27.3,39,0
6/29/2019 7:00,25,27,16.6,21.6,85,682,27.3,39,0
6/29/2019 8:00,30,36,16.6,22.1,82,682,27.7,38,0
6/29/2019 9:00,31,30,16.6,23.2,76,682,28.8,36,0
6/29/2019 10:00,22,20,16.6,24.4,70,683,30.1,32,0
6/29/2019 11:00,21,23,16.6,26.4,60,682,31.8,28,0
6/29/2019 12:00,24,23,16.6,28.2,51,682,33.8,24,0
6/29/2019 13:00,21,25,16.6,29,47,681,34.7,22,0
6/29/2019 14:00,25,26,16.6,29.2,46,681,35.4,21,0
6/29/2019 15:00,24,23,16.6,29.6,45,680,35.8,20,0
6/29/2019 16:00,23,24,16.6,29.6,45,680,36,20,0
6/29/2019 17:00,27,29,16.6,29.5,46,680,36.1,20,0
6/29/2019 18:00,25,23,16.6,28.4,49,680,35,22,0
6/29/2019 19:00,24,31,16.6,27.4,53,681,33.4,24,0
6/29/2019 20:00,33,34,16.6,26.5,59,681,32.3,27,0
6/29/2019 21:00,31,34,16.6,25.7,62,682,31.5,28,0
6/29/2019 22:00,31,29,16.6,25,64,682,30.8,30,0
6/29/2019 23:00,21,17,16.6,24.4,67,682,30.1,31,0
6/30/2019 0:00,20,20,16.6,23.8,72,682,29.5,33,0
6/30/2019 1:00,22,23,16.6,23.3,75,682,29.1,34,0
6/30/2019 2:00,23,18,16.6,22.9,78,681,28.7,36,0
6/30/2019 3:00,17,16,16.6,22.8,79,681,28.5,36,0
6/30/2019 4:00,13,19,16.6,22.6,81,681,28.5,37,0
6/30/2019 5:00,15,19,16.7,22.5,81,681,28.4,37,0
6/30/2019 6:00,35,73,16.6,22.2,82,681,28.3,37,0
6/30/2019 7:00,62,42,16.6,22.1,84,681,28,38,0
6/30/2019 8:00,38,37,16.6,22.5,83,682,28.3,38,0
6/30/2019 9:00,36,31,16.6,23.6,76,682,29.1,36,0
6/30/2019 10:00,27,25,16.6,24.9,69,682,30.5,32,0
6/30/2019 11:00,19,20,16.6,25.5,65,682,31.5,30,0
6/30/2019 12:00,22,22,16.6,27,59,682,32.6,28,0
6/30/2019 13:00,25,26,16.6,27.1,56,681,33.5,25,0
6/30/2019 14:00,21,20,16.6,27.6,54,681,33.7,24,0
6/30/2019 15:00,17,18,16.7,28.6,51,680,34.3,24,0
6/30/2019 16:00,19,20,16.6,29.1,47,680,35.3,21,0
6/30/2019 17:00,20,15,16.6,27.4,53,680,34.7,22,0
6/30/2019 18:00,12,12,16.7,25.7,63,681,32.7,27,0
6/30/2019 19:00,19,18,16.7,25,67,681,31.3,30,0
6/30/2019 20:00,21,18,16.6,24.5,69,681,30.4,32,0
6/30/2019 21:00,16,18,16.7,24.1,72,682,29.9,33,0
6/30/2019 22:00,21,21,16.6,23.8,73,682,29.6,33,0
6/30/2019 23:00,19,15,16.6,23.5,73,682,29.2,34,0
7/1/2019 0:00,14,14,16.6,23,76,682,28.9,35,0
7/1/2019 1:00,13,11,16.6,22.5,79,681,28.5,36,0
7/1/2019 2:00,10,15,16.6,22.1,82,681,28,37,0
7/1/2019 3:00,15,13,16.6,21.9,84,680,27.8,38,0
7/1/2019 4:00,14,17,16.6,21.7,86,680,27.7,39,0
7/1/2019 5:00,17,17,16.6,21.5,86,680,27.4,39,0
7/1/2019 6:00,15,19,16.7,21.6,85,680,27.2,39,0
7/1/2019 7:00,23,25,16.6,21.6,85,681,27.3,39,0
7/1/2019 8:00,26,28,16.6,22.4,81,681,27.8,38,0
7/1/2019 9:00,28,24,16.6,23.8,74,681,29.4,35,0
7/1/2019 10:00,23,31,16.6,25.5,64,682,31.2,30,0
7/1/2019 11:00,23,20,16.6,26.6,59,681,31.9,28,0
7/1/2019 12:00,17,28,16.6,28.2,51,681,33.2,25,0
7/1/2019 13:00,30,34,16.6,29.2,47,680,34.3,23,0
7/1/2019 14:00,32,27,16.6,29.6,47,680,35.3,22,0
7/1/2019 15:00,24,22,16.6,29.8,47,680,35.9,21,0
7/1/2019 16:00,20,22,16.6,30.4,44,679,36.4,20,0
7/1/2019 17:00,23,27,16.6,30.8,41,679,37.3,18,0
7/1/2019 18:00,28,30,16.6,30,45,679,36.7,20,0
7/1/2019 19:00,26,26,16.7,27.9,52,679,34.2,23,0
7/1/2019 20:00,29,28,16.7,26.2,57,680,31.9,26,0
7/1/2019 21:00,21,22,16.7,25.5,59,681,30.6,28,0
7/1/2019 22:00,21,23,16.7,25.1,64,681,30,31,0
7/1/2019 23:00,21,26,16.6,24.5,69,681,29.4,33,0
7/2/2019 0:00,22,21,16.6,23.9,71,681,28.8,34,0
7/2/2019 1:00,22,19,16.6,23.5,73,681,28.3,35,0
7/2/2019 2:00,16,14,16.6,23.2,74,680,28,36,0
7/2/2019 3:00,14,13,16.6,22.8,76,680,27.7,37,0
7/2/2019 4:00,11,16,16.6,22.4,79,680,27.4,38,0
7/2/2019 5:00,15,16,16.6,22.2,80,680,27.2,38,0
7/2/2019 6:00,17,20,16.6,21.9,83,680,27,39,0
7/2/2019 7:00,18,24,16.6,22.1,84,681,26.9,40,0
7/2/2019 8:00,24,23,16.6,22.7,81,681,27.4,39,0
7/2/2019 9:00,19,17,16.6,24.3,73,681,28.8,36,0
7/2/2019 10:00,19,21,16.6,25.6,66,681,30.8,31,0
7/2/2019 11:00,15,17,16.6,27.3,58,681,32.4,28,0
7/2/2019 12:00,20,21,16.6,28.8,51,681,34.4,24,0
7/2/2019 13:00,23,24,16.6,29.3,51,681,35.4,23,0
7/2/2019 14:00,18,16,16.6,29.4,50,680,35.8,22,0
7/2/2019 15:00,16,16,16.6,30.2,46,680,36.5,21,0
7/2/2019 16:00,14,18,16.6,30.8,41,679,37.1,18,0
7/2/2019 17:00,21,24,16.6,30.9,41,679,37.7,18,0
7/2/2019 18:00,26,30,16.7,29,49,680,36.4,20,0
7/2/2019 19:00,19,16,16.7,27.2,56,680,33.1,25,0
7/2/2019 20:00,15,18,16.7,26.4,60,681,31.5,29,0
7/2/2019 21:00,21,23,16.6,25.7,62,681,30.6,30,0
7/2/2019 22:00,23,21,16.6,25.2,66,682,30.2,31,0
7/2/2019 23:00,19,16,16.6,24.8,69,682,29.8,33,0
7/3/2019 0:00,16,19,16.6,24.1,72,682,29.4,34,0
7/3/2019 1:00,21,17,16.6,23.5,75,682,28.8,35,0
7/3/2019 2:00,18,15,16.6,23.1,77,681,28.4,36,0
7/3/2019 3:00,16,16,16.6,22.7,81,681,28.1,38,0
7/3/2019 4:00,18,19,16.7,22.3,83,681,27.8,39,0
7/3/2019 5:00,19,21,16.6,22,84,681,27.3,40,0
7/3/2019 6:00,18,21,16.6,21.7,86,681,27,40,0
7/3/2019 7:00,16,20,16.6,21.7,86,682,26.9,41,0
7/3/2019 8:00,21,22,16.6,22.3,84,682,27.5,40,0
7/3/2019 9:00,24,19,16.6,23.2,79,682,28.5,37,0
7/3/2019 10:00,15,18,16.6,25.2,69,682,30.2,33,0
7/3/2019 11:00,21,18,16.6,26.4,62,682,31.9,29,0
7/3/2019 12:00,20,19,16.6,27.7,58,682,33,28,0
7/3/2019 13:00,18,18,16.6,28.7,54,681,34.9,24,0
7/3/2019 14:00,17,16,16.6,29.7,49,681,36.3,22,0
7/3/2019 15:00,15,15,16.6,30.3,45,680,37.1,20,0
7/3/2019 16:00,19,12,16.7,30.1,42,680,36.5,19,0
7/3/2019 17:00,11,13,16.7,29.7,43,680,35.4,20,0
7/3/2019 18:00,15,18,16.7,28.9,49,680,34.7,22,0
7/3/2019 19:00,15,16,16.7,27.3,55,681,32.7,25,0
7/3/2019 20:00,16,16,16.7,26.5,58,681,31.3,28,0
7/3/2019 21:00,14,15,16.6,25.9,61,682,30.5,30,0
7/3/2019 22:00,17,12,16.6,25.2,65,683,29.8,32,0
7/3/2019 23:00,16,19,16.6,24.4,70,683,29.2,34,0
7/4/2019 0:00,18,19,16.6,23.9,74,683,28.8,35,0
7/4/2019 1:00,17,17,16.6,23.3,80,682,28.3,38,0
7/4/2019 2:00,13,14,16.6,22.6,85,682,27.8,40,0
7/4/2019 3:00,13,11,16.6,22.2,86,682,27.3,41,0
7/4/2019 4:00,12,13,16.6,22.1,86,681,27.2,41,0
7/4/2019 5:00,9,12,16.7,21.8,88,681,26.9,42,0
7/4/2019 6:00,12,14,16.6,21.7,88,681,26.8,42,0
7/4/2019 7:00,12,18,16.6,21.8,88,682,26.8,42,0
7/4/2019 8:00,17,19,16.6,22.6,84,682,27.3,41,0
7/4/2019 9:00,17,19,16.6,23.6,78,682,28.5,38,0
7/4/2019 10:00,15,17,16.6,25.1,71,682,30.1,34,0
7/4/2019 11:00,14,12,16.6,26.5,63,682,31.8,30,0
7/4/2019 12:00,15,16,16.6,28.1,56,682,33.6,26,0
7/4/2019 13:00,20,20,16.6,28,56,681,34.2,25,0
7/4/2019 14:00,9,6,16.7,26.6,65,681,32.6,29,0
7/4/2019 15:00,11,15,16.6,29.6,51,681,34.9,25,0
7/4/2019 16:00,14,16,16.6,29.6,52,680,36.4,22,0
7/4/2019 17:00,15,16,16.6,28.6,59,680,36.2,24,0
7/4/2019 18:00,16,15,16.6,27.6,62,680,35.5,25,0
7/4/2019 19:00,16,21,16.7,26.6,61,681,33.9,25,0
7/4/2019 20:00,23,23,16.6,26,63,681,32.6,28,0
7/4/2019 21:00,24,25,16.6,25.4,66,682,32,29,0
7/4/2019 22:00,22,20,16.6,24.5,71,682,31.2,31,0
7/4/2019 23:00,20,20,16.6,23.8,75,682,30.6,33,0
7/5/2019 0:00,25,20,16.6,23.2,79,682,30.1,34,0
7/5/2019 1:00,15,14,16.6,22.7,84,681,29.5,36,0
7/5/2019 2:00,15,12,16.7,22.3,87,681,29.2,38,0
7/5/2019 3:00,10,14,16.6,22.1,87,680,29,38,0
7/5/2019 4:00,12,14,16.6,22.1,86,680,28.9,37,0
7/5/2019 5:00,14,16,16.6,22,86,680,28.8,37,0
7/5/2019 6:00,18,21,16.6,22,86,681,28.8,37,0
7/5/2019 7:00,24,27,16.6,22,86,681,28.8,38,0
7/5/2019 8:00,27,22,16.6,22.3,84,681,29.1,37,0
7/5/2019 9:00,19,21,16.6,23.3,78,681,29.8,35,0
7/5/2019 10:00,19,20,16.6,24.4,71,682,30.8,32,0
7/5/2019 11:00,22,22,16.6,25.8,64,681,32.2,29,0
7/5/2019 12:00,20,21,16.6,27.3,58,681,33.7,26,0
7/5/2019 13:00,19,24,16.6,28.4,54,681,35.1,24,0
7/5/2019 14:00,22,17,16.6,28.8,52,680,36.1,22,0
7/5/2019 15:00,20,26,16.6,29,52,680,36.3,22,0
7/5/2019 16:00,24,24,16.6,27.5,60,680,35.8,24,0
7/5/2019 17:00,17,9,16.7,23.6,81,680,31.9,32,0
7/5/2019 18:00,18,21,16.6,24.7,78,680,31.4,34,0
7/5/2019 19:00,20,22,16.7,23.7,83,680,31,35,0
7/5/2019 20:00,18,19,16.6,23.3,84,681,29.9,37,0
7/5/2019 21:00,14,14,16.6,23,85,681,29.6,37,0
7/5/2019 22:00,16,18,16.6,22.8,86,681,29.4,38,0
7/5/2019 23:00,18,16,16.6,22.7,85,682,29.3,37,0
7/6/2019 0:00,12,12,16.6,22.4,83,682,29,37,0
7/6/2019 1:00,11,13,16.6,22.1,85,681,28.8,37,0
7/6/2019 2:00,15,13,16.7,21.7,87,681,28.7,38,0
7/6/2019 3:00,11,8,16.6,21.5,88,681,28.4,38,0
7/6/2019 4:00,7,12,16.6,21.4,89,681,28.4,38,0
7/6/2019 5:00,13,11,16.6,21.4,89,681,28.5,38,0
7/6/2019 6:00,14,11,16.6,21.2,89,680,28.3,38,0
7/6/2019 7:00,11,15,16.6,21.3,89,681,28.1,39,0
7/6/2019 8:00,11,14,16.6,21.7,87,681,28.4,38,0
7/6/2019 9:00,14,17,16.6,22.6,83,681,29.2,37,0
7/6/2019 10:00,17,17,16.6,23.6,77,682,30.3,34,0
7/6/2019 11:00,13,15,16.6,25.1,70,682,31.7,31,0
7/6/2019 12:00,17,18,16.6,26.3,64,682,33.1,28,0
7/6/2019 13:00,20,20,16.6,26.7,61,681,33.8,26,0
7/6/2019 14:00,15,18,16.6,28.1,55,681,34.4,25,0
7/6/2019 15:00,22,22,16.6,28.1,54,680,35.1,23,0
7/6/2019 16:00,20,24,16.6,28.2,54,680,35.1,23,0
7/6/2019 17:00,26,27,16.7,26.7,65,680,33.4,28,0
7/6/2019 18:00,20,20,16.6,26.5,62,680,31.9,29,0
7/6/2019 19:00,21,23,16.6,25.8,66,680,31.8,30,0
7/6/2019 20:00,24,26,16.6,24.7,75,681,31.3,33,0
7/6/2019 21:00,18,18,16.6,23.9,79,681,30.5,34,0
7/6/2019 22:00,15,20,16.6,23.6,80,682,30,35,0
7/6/2019 23:00,20,18,16.6,23.1,82,682,29.6,36,0
7/7/2019 0:00,18,15,16.6,22.8,83,682,29.3,37,0
7/7/2019 1:00,16,19,16.7,22.4,84,681,28.9,37,0
7/7/2019 2:00,16,12,16.6,22.3,84,681,28.7,37,0
7/7/2019 3:00,11,13,16.7,22,85,681,28.5,37,0
7/7/2019 4:00,11,11,16.6,21.7,86,681,28.1,38,0
7/7/2019 5:00,13,11,16.6,21.4,87,681,27.8,39,0
7/7/2019 6:00,10,12,16.6,21.4,87,681,27.7,39,0
7/7/2019 7:00,17,18,16.7,21.3,87,681,27.6,39,0
7/7/2019 8:00,19,18,16.6,21.6,83,682,27.8,37,0
7/7/2019 9:00,17,17,16.6,22.8,76,682,28.9,35,0
7/7/2019 10:00,17,18,16.6,24.7,67,683,30.8,30,0
7/7/2019 11:00,22,20,16.6,25.7,62,683,32.2,28,0
7/7/2019 12:00,14,19,16.6,27.3,57,682,33.2,26,0
7/7/2019 13:00,20,18,16.6,27.7,56,682,34.4,25,0
7/7/2019 14:00,14,14,16.6,28.6,53,681,35.1,23,0
7/7/2019 15:00,14,16,16.6,29.6,49,681,36,22,0
7/7/2019 16:00,12,16,16.7,28.8,51,680,35.9,22,0
7/7/2019 17:00,15,14,16.6,29.3,47,680,35.4,21,0
7/7/2019 18:00,20,25,16.7,28.6,51,681,35.3,22,0
7/7/2019 19:00,23,19,16.7,26.9,57,681,33.5,25,0
7/7/2019 20:00,23,21,16.6,26,62,682,32.1,28,0
7/7/2019 21:00,16,14,16.7,25.1,64,683,31.1,29,0
7/7/2019 22:00,13,12,16.6,24.1,67,683,30.1,30,0
7/7/2019 23:00,16,12,16.6,23.5,68,683,29.4,31,0
7/8/2019 0:00,13,15,16.6,23,72,683,28.9,33,0
7/8/2019 1:00,15,11,16.6,22.5,75,683,28.5,34,0
7/8/2019 2:00,8,9,16.6,22.1,77,682,28.2,35,0
7/8/2019 3:00,10,10,16.7,21.8,79,682,27.8,36,0
7/8/2019 4:00,5,11,16.6,21.5,82,682,27.6,37,0
7/8/2019 5:00,15,11,16.6,21,85,682,27.3,38,0
7/8/2019 6:00,11,11,16.6,20.8,87,682,27.1,39,0
7/8/2019 7:00,12,18,16.6,21,87,682,27.1,40,0
7/8/2019 8:00,20,19,16.6,21.9,83,683,27.9,38,0
7/8/2019 9:00,18,17,16.6,23.3,76,683,29.4,35,0
7/8/2019 10:00,18,16,16.6,25.2,66,683,30.9,30,0
7/8/2019 11:00,13,19,16.6,25.4,65,683,31.2,30,0
7/8/2019 12:00,15,12,16.6,26.8,59,683,31.6,29,0
7/8/2019 13:00,11,14,16.6,28.7,51,682,33.5,25,0
7/8/2019 14:00,14,18,16.6,28.8,50,682,34.4,23,0
7/8/2019 15:00,14,10,16.6,29.2,49,681,35.1,23,0
7/8/2019 16:00,15,10,16.7,28.8,50,681,35.5,22,0
7/8/2019 17:00,60002,-15,8,28.8,51,681,34.5,25,768
7/8/2019 18:00,99999,12,16.6,28.1,52,681,33.6,24,0
7/8/2019 19:00,6682,17,16.6,27.2,55,682,33.5,25,0
7/8/2019 20:00,15,16,16.6,26,60,682,32.2,27,0
7/8/2019 21:00,17,15,16.6,25.1,62,683,31.2,28,0
7/8/2019 22:00,17,16,16.6,24.2,67,683,30.4,30,0
7/8/2019 23:00,19,21,16.6,23.6,71,683,29.7,32,0
7/9/2019 0:00,20,20,16.6,23.1,73,683,29.3,33,0
7/9/2019 1:00,17,15,16.6,22.7,74,683,28.8,34,0
7/9/2019 2:00,16,14,16.6,22.3,77,682,28.4,35,0
7/9/2019 3:00,14,11,16.6,21.8,81,682,28.1,36,0
7/9/2019 4:00,7,8,16.6,21.3,85,681,27.8,37,0
7/9/2019 5:00,10,14,16.7,21.1,86,681,27.4,38,0
7/9/2019 6:00,14,11,16.6,21,87,681,27.1,39,0
7/9/2019 7:00,17,22,16.6,21.1,87,682,27.3,39,0
7/9/2019 8:00,23,19,16.6,21.8,85,683,28,38,0
7/9/2019 9:00,16,14,16.6,23.2,78,683,29.2,36,0
7/9/2019 10:00,12,13,16.6,25.2,67,683,31.2,31,0
7/9/2019 11:00,12,9,16.6,26.2,63,683,31.9,29,0
7/9/2019 12:00,11,14,16.6,27.2,59,682,33,27,0
7/9/2019 13:00,12,11,16.6,27.1,60,682,33.3,27,0
7/9/2019 14:00,9,16,16.6,27.5,59,682,33.7,26,0
7/9/2019 18:00,99999,44,16.1,24.1,79,682,27.6,40,384
7/9/2019 19:00,56672,8,16.6,22.3,89,682,26.3,45,0
7/9/2019 20:00,12,19,16.6,22.4,85,682,26.9,42,0
7/9/2019 21:00,20,17,16.6,22.4,83,683,27.3,40,0
7/9/2019 22:00,11,10,16.6,22.7,80,683,27.6,39,0
7/9/2019 23:00,12,8,16.6,22.5,82,683,27.7,39,0
7/10/2019 0:00,12,14,16.6,22.3,84,683,27.9,39,0
7/10/2019 1:00,12,11,16.6,21.7,84,683,27.5,39,0
7/10/2019 2:00,7,5,16.7,21.3,85,683,26.9,39,0
7/10/2019 3:00,8,7,16.6,21,86,682,26.8,39,0
7/10/2019 4:00,7,10,16.7,20.8,85,682,26.8,39,0
7/10/2019 5:00,14,18,16.6,20.7,85,681,26.7,38,0
7/10/2019 6:00,16,20,16.6,20.7,86,681,26.8,38,0
7/10/2019 7:00,15,17,16.6,20.8,86,682,26.8,39,0
7/10/2019 8:00,15,17,16.6,21.7,82,682,27.4,38,0
7/10/2019 9:00,24,24,16.6,22.5,80,682,28.4,36,0
7/10/2019 10:00,21,15,16.6,24.2,73,683,29.8,34,0
7/10/2019 11:00,16,15,16.6,24.8,70,683,31,31,0
7/10/2019 12:00,13,12,16.6,24.8,72,683,30.9,32,0
7/10/2019 13:00,11,13,16.6,27.3,62,682,32.7,29,0
7/10/2019 14:00,12,10,16.6,28.3,54,681,34.1,25,0
7/10/2019 15:00,12,13,16.6,28.8,53,681,35.3,23,0
7/10/2019 16:00,14,19,16.6,28.7,52,681,35.7,22,0
7/10/2019 17:00,12,19,16.6,27,60,681,34.5,24,0
7/10/2019 18:00,13,11,16.6,25.5,68,681,32.9,28,0
7/10/2019 19:00,16,20,16.6,25.3,59,682,33.1,24,0
7/10/2019 20:00,16,20,16.6,23.8,66,683,31.3,27,0
7/10/2019 21:00,15,16,16.6,22.9,71,683,30.1,30,0
7/10/2019 22:00,17,20,16.6,22.9,69,683,29.8,30,0
7/10/2019 23:00,17,19,16.6,22.6,72,683,29.7,30,0
7/11/2019 0:00,16,13,16.6,22,74,683,29.3,31,0
7/11/2019 1:00,18,14,16.7,21.4,81,683,28.9,34,0
7/11/2019 2:00,14,14,16.6,21,86,683,28.5,35,0
7/11/2019 3:00,14,9,16.6,20.7,86,682,28.2,36,0
7/11/2019 4:00,11,11,16.6,20.5,87,682,27.9,36,0
7/11/2019 5:00,10,12,16.6,20.7,86,682,27.8,37,0
7/11/2019 6:00,13,11,16.6,20.7,86,683,27.8,37,0
7/11/2019 7:00,15,16,16.6,20.5,85,683,27.8,35,0
7/11/2019 8:00,19,27,16.6,21.3,82,683,28.2,35,0
7/11/2019 9:00,24,13,16.6,23.2,75,683,29.7,33,0
7/11/2019 10:00,10,13,16.6,25.3,66,684,31.9,29,0
7/11/2019 11:00,14,11,16.6,27,59,683,34.1,25,0
7/11/2019 12:00,13,12,16.6,28.2,55,683,35.5,23,0
7/11/2019 13:00,12,13,16.6,29,51,683,36.7,21,0
7/11/2019 14:00,20,42,16.6,29.8,47,683,37.6,20,0
7/11/2019 15:00,39,20,16.7,28.9,51,682,38.1,19,0
7/11/2019 16:00,15,14,16.7,25.9,63,683,35.6,23,0
7/11/2019 17:00,12,10,16.7,26.2,57,682,34.7,23,0
7/11/2019 18:00,13,13,16.7,26.6,57,682,34.6,23,0
7/11/2019 19:00,12,16,16.7,26.6,56,683,34.3,23,0
7/11/2019 20:00,17,19,16.7,26,58,683,33.5,24,0
7/11/2019 21:00,17,17,16.7,23.6,74,684,32.2,29,0
7/11/2019 22:00,6,2,16.7,21.9,84,684,29.7,34,0
7/11/2019 23:00,13,18,16.6,22.3,76,685,29.7,32,0
7/12/2019 0:00,20,21,16.6,22,77,684,29.4,32,0
7/12/2019 1:00,18,16,16.6,21.8,79,683,29.3,32,0
7/12/2019 2:00,12,8,16.6,21.3,82,683,29.2,33,0
7/12/2019 3:00,8,10,16.7,21.1,86,683,28.9,35,0
7/12/2019 4:00,10,16,16.6,21.3,85,683,28.8,35,0
7/12/2019 5:00,16,14,16.6,21.4,84,683,28.9,34,0
7/12/2019 6:00,15,14,16.6,21,84,683,28.7,34,0
7/12/2019 7:00,11,18,16.6,21.1,86,684,28.6,36,0
7/12/2019 8:00,21,22,16.6,22.1,83,684,29.2,35,0
7/12/2019 9:00,22,25,16.6,23.4,77,684,30.8,32,0
7/12/2019 10:00,22,19,16.6,25.7,66,684,32.8,28,0
7/12/2019 11:00,13,14,16.6,27.4,59,684,34.9,25,0
7/12/2019 12:00,9,14,16.6,28.7,51,684,36.1,22,0
7/12/2019 13:00,19,15,16.6,29.6,48,683,37.1,20,0
7/12/2019 14:00,10,16,16.6,31.1,43,683,38.7,18,0
7/12/2019 15:00,12,15,16.6,31.1,45,682,39.8,17,0
7/12/2019 16:00,16,23,16.6,30.5,46,682,39.5,17,0
7/12/2019 17:00,18,21,16.6,31.3,43,682,39.7,17,0
7/12/2019 18:00,20,17,16.7,30.3,45,682,38.8,18,0
7/12/2019 19:00,23,22,16.7,25.9,70,683,35.5,25,0
7/12/2019 20:00,10,16,16.6,24.7,74,683,32,31,0
7/12/2019 21:00,20,26,16.6,25.1,69,684,32.2,29,0
7/12/2019 22:00,22,19,16.6,25.3,66,684,32.2,28,0
7/12/2019 23:00,23,18,16.6,24.6,72,685,31.8,30,0
7/13/2019 0:00,15,14,16.6,23.9,73,685,31.1,30,0
7/13/2019 1:00,13,11,16.6,23.6,73,684,30.8,31,0
7/13/2019 2:00,11,17,16.6,23.2,75,683,30.5,31,0
7/13/2019 3:00,16,12,16.6,22.6,79,683,30.1,33,0
7/13/2019 4:00,11,12,16.6,22.4,80,683,29.7,34,0
7/13/2019 5:00,12,9,16.6,22.3,81,683,29.9,33,0
7/13/2019 6:00,10,15,16.6,22.1,83,683,29.8,34,0
7/13/2019 7:00,10,17,16.6,21.9,85,684,29.6,35,0
7/13/2019 8:00,19,17,16.6,22.2,84,684,29.6,35,0
7/13/2019 9:00,19,18,16.6,23.3,78,684,30.5,33,0
7/13/2019 10:00,14,23,16.6,25.5,68,685,33.1,28,0
7/13/2019 11:00,17,13,16.6,25.9,67,685,34.2,27,0
7/13/2019 12:00,16,18,16.6,27.4,61,684,35.7,24,0
7/13/2019 13:00,17,16,16.6,28,57,684,36.3,23,0
7/13/2019 14:00,15,14,16.6,29.1,53,683,37.3,21,0
7/13/2019 15:00,18,20,16.6,30.2,48,683,38.9,19,0
7/13/2019 16:00,21,21,16.6,30.4,49,682,39.9,18,0
7/13/2019 17:00,13,21,16.6,30.8,47,682,40.2,18,0
7/13/2019 18:00,22,18,16.7,29.8,49,682,39,19,0
7/13/2019 19:00,19,27,16.7,29.1,52,682,37.7,20,0
7/13/2019 20:00,22,21,16.7,28.4,55,683,36.1,23,0
7/13/2019 21:00,20,22,16.6,25.9,66,684,34.5,25,0
7/13/2019 22:00,16,14,16.7,24,75,684,32.1,30,0
7/13/2019 23:00,19,20,16.6,24.5,76,684,31.6,32,0
7/14/2019 0:00,15,13,16.6,24.5,74,684,31.9,31,0
7/14/2019 1:00,17,14,16.6,24,74,684,31.7,30,0
7/14/2019 2:00,8,12,16.6,23.3,80,684,31.1,32,0
7/14/2019 3:00,10,11,16.7,22.6,82,683,30.5,33,0
7/14/2019 4:00,11,9,16.6,22.5,82,683,30,34,0
7/14/2019 5:00,8,10,16.6,22.2,84,683,29.6,35,0
7/14/2019 6:00,9,16,16.6,22,85,683,29.4,35,0
7/14/2019 7:00,12,14,16.6,22,86,684,29.5,35,0
7/14/2019 8:00,13,14,16.6,22.2,85,684,29.7,35,0
7/14/2019 9:00,13,19,16.6,23.6,78,684,30.9,33,0
7/14/2019 10:00,11,15,16.6,25.4,68,684,33.1,28,0
7/14/2019 11:00,14,14,16.6,26.5,63,684,34.5,25,0
7/14/2019 12:00,10,14,16.6,27.5,57,684,35.2,23,0
7/14/2019 13:00,17,17,16.6,28.4,53,683,36.3,21,0
7/14/2019 14:00,13,16,16.6,29.1,49,683,37,20,0
7/14/2019 15:00,16,20,16.6,30.1,44,682,38.2,18,0
7/14/2019 16:00,15,13,16.6,30.4,43,681,38.8,17,0
7/14/2019 17:00,14,18,16.6,30,46,681,38.8,18,0
7/14/2019 18:00,16,19,16.7,29.2,49,681,37.3,19,0
7/14/2019 19:00,20,25,16.6,28.2,54,682,36.5,21,0
7/14/2019 20:00,18,8,16.7,24.4,71,683,33.5,26,0
7/14/2019 21:00,11,15,16.7,23.3,72,683,31.5,28,0
7/14/2019 22:00,10,11,16.7,23.4,76,683,30.6,32,0
7/14/2019 23:00,12,7,16.6,23.5,76,684,30.5,32,0
7/15/2019 0:00,12,16,16.7,23.2,77,684,30.5,32,0
7/15/2019 1:00,15,14,16.6,22.9,78,683,30.4,32,0
7/15/2019 2:00,12,17,16.6,22.5,82,682,30.2,33,0
7/15/2019 3:00,15,13,16.6,22.3,82,682,29.9,34,0
7/15/2019 4:00,13,11,16.6,21.9,85,682,29.6,35,0
7/15/2019 5:00,15,16,16.6,21.7,86,682,29.3,35,0
7/15/2019 6:00,15,15,16.6,21.5,87,682,29.1,36,0
7/15/2019 7:00,19,20,16.6,21.7,85,682,29.2,35,0
7/15/2019 8:00,21,23,16.6,22.1,82,683,29.6,34,0
7/15/2019 9:00,19,14,16.6,23.7,74,683,31.1,31,0
7/15/2019 10:00,19,20,16.6,25.1,68,683,33.3,27,0
7/15/2019 11:00,17,12,16.6,25.9,64,683,33.8,26,0
7/15/2019 12:00,7,14,16.6,27.7,57,683,35.3,24,0
7/15/2019 13:00,16,14,16.6,29,51,682,36.7,21,0
7/15/2019 14:00,17,18,16.6,29.1,52,682,37.9,20,0
7/15/2019 15:00,14,16,16.6,29.6,49,681,38.3,19,0
7/15/2019 16:00,14,11,16.6,30.1,48,681,39.2,18,0
7/15/2019 17:00,10,12,16.6,30.6,46,680,39.8,17,0
7/15/2019 18:00,11,9,16.7,29.7,51,680,38.7,19,0
7/15/2019 19:00,15,16,16.7,28.2,56,681,36.9,22,0
7/15/2019 20:00,15,18,16.7,27.1,62,681,35.1,25,0
7/15/2019 21:00,18,9,16.7,23.9,78,682,32.6,30,0
7/15/2019 22:00,14,14,16.7,23.4,83,683,30.7,34,0
7/15/2019 23:00,17,15,16.6,23.6,81,683,30.4,35,0
7/16/2019 0:00,19,21,16.6,23.2,84,683,30.2,35,0
7/16/2019 1:00,17,15,16.6,23,84,683,30.1,35,0
7/16/2019 2:00,18,17,16.6,22.7,84,682,29.9,35,0
7/16/2019 3:00,14,15,16.6,22.2,85,682,29.5,35,0
7/16/2019 4:00,20,21,16.6,22,85,682,29.2,36,0
7/16/2019 5:00,18,20,16.6,21.8,86,682,29.1,36,0
7/16/2019 6:00,23,21,16.6,21.6,86,682,28.9,36,0
7/16/2019 7:00,25,26,16.6,21.6,86,682,28.8,36,0
7/16/2019 8:00,28,28,16.6,22.2,83,683,29.2,35,0
7/16/2019 9:00,27,26,16.6,23.6,75,683,30.9,32,0
7/16/2019 10:00,24,16,16.6,24.5,71,684,32.3,29,0
7/16/2019 11:00,12,13,16.6,26.5,63,683,34,26,0
7/16/2019 12:00,19,15,16.6,27.6,58,683,35.5,24,0
7/16/2019 13:00,15,18,16.6,28.6,54,682,36.7,22,0
7/16/2019 14:00,18,20,16.6,29.5,51,682,37.7,20,0
7/16/2019 15:00,19,18,16.6,30.1,49,681,38.2,20,0
7/16/2019 16:00,22,18,16.7,29.6,50,681,38.1,20,0
7/16/2019 17:00,20,19,16.7,29.3,51,681,37.8,20,0
7/16/2019 18:00,25,26,16.6,28.9,53,681,37.3,21,0
7/16/2019 19:00,24,23,16.6,26.4,64,681,35.4,24,0
7/16/2019 20:00,17,15,16.7,24.8,71,682,32.7,28,0
7/16/2019 21:00,18,28,16.6,24.3,78,682,32,32,0
7/16/2019 22:00,24,23,16.6,23,87,683,30.2,36,0
7/16/2019 23:00,23,24,16.6,23.1,86,683,29.8,37,0
7/17/2019 0:00,23,25,16.6,23.2,84,683,30,36,0
7/17/2019 1:00,28,26,16.6,22.9,85,682,30,35,0
7/17/2019 2:00,23,17,16.6,22.6,84,682,29.7,35,0
7/17/2019 3:00,13,12,16.6,22.6,82,682,29.7,34,0
7/17/2019 4:00,11,14,16.6,22.6,81,682,29.8,34,0
7/17/2019 5:00,11,12,16.6,22.4,81,682,29.7,34,0
7/17/2019 6:00,9,12,16.7,22.2,82,682,29.4,34,0
7/17/2019 7:00,15,25,16.6,22.1,81,682,29.3,34,0
7/17/2019 8:00,24,18,16.6,22.5,80,682,29.7,33,0
7/17/2019 9:00,17,15,16.6,23.4,76,682,30.6,32,0
7/17/2019 10:00,15,18,16.6,24.7,69,683,32.1,29,0
7/17/2019 11:00,17,15,16.6,25.3,66,683,33.2,27,0
7/17/2019 12:00,12,16,16.6,26.9,60,682,34.6,25,0
7/17/2019 13:00,19,18,16.6,27.7,58,682,35.5,24,0
7/17/2019 14:00,15,15,16.6,28.6,55,681,36.5,22,0
7/17/2019 15:00,15,18,16.6,29.9,50,681,38.1,20,0
7/17/2019 16:00,20,19,16.6,29.9,49,680,39.2,18,0
7/17/2019 17:00,13,10,16.7,29.2,52,680,38.3,20,0
7/17/2019 18:00,15,19,16.7,28.9,53,680,37.9,20,0
7/17/2019 19:00,23,24,16.7,27.9,57,680,36.5,22,0
7/17/2019 20:00,21,18,16.7,24.7,81,681,34,30,0
7/17/2019 21:00,19,36,16.6,24.4,86,681,33.1,33,0
7/17/2019 22:00,58,54,16.6,23.6,90,682,33,33,0
7/17/2019 23:00,29,19,16.7,22.4,93,682,30.2,37,0
7/18/2019 0:00,21,20,16.7,22.2,94,682,29.2,40,0
7/18/2019 1:00,25,23,16.6,22.5,93,681,29.5,39,0
7/18/2019 2:00,17,14,16.6,22.4,92,681,29.4,39,0
7/18/2019 3:00,17,20,16.6,22.5,91,681,29.8,38,0
7/18/2019 4:00,15,16,16.6,22.4,90,680,29.8,37,0
7/18/2019 5:00,16,16,16.6,22.2,88,680,29.7,36,0
7/18/2019 6:00,18,17,16.6,22.1,88,681,29.6,36,0
7/18/2019 7:00,17,22,16.7,22,88,681,29.6,36,0
7/18/2019 8:00,20,20,16.6,22.6,86,681,29.9,36,0
7/18/2019 9:00,17,17,16.6,23.6,78,681,31.1,33,0
7/18/2019 10:00,16,14,16.6,24.4,74,681,31.9,31,0
7/18/2019 11:00,13,12,16.6,25.7,68,681,33.3,28,0
7/18/2019 12:00,12,16,16.6,26.7,63,681,34.8,25,0
7/18/2019 13:00,16,14,16.6,27.4,61,681,35.7,24,0
7/18/2019 14:00,14,18,16.6,27.7,60,680,36.4,23,0
7/18/2019 15:00,14,12,16.6,28.6,57,680,37,23,0
7/18/2019 16:00,14,19,16.6,29.2,56,679,38.5,21,0
7/18/2019 17:00,18,15,16.7,28.9,58,679,38,22,0
7/18/2019 18:00,17,20,16.7,28.6,59,678,37.3,23,0
7/18/2019 19:00,18,16,16.7,27.3,63,679,36,24,0
7/18/2019 20:00,19,25,16.7,26.7,64,679,35,25,0
7/18/2019 21:00,25,27,16.6,26.4,66,680,34.5,26,0
7/18/2019 22:00,28,34,16.6,26,69,680,34.1,27,0
7/18/2019 23:00,28,20,16.6,24.1,80,681,32.4,31,0
7/19/2019 0:00,19,17,16.6,23.2,84,681,31.1,33,0
7/19/2019 1:00,15,13,16.6,22.7,88,680,30,37,0
7/19/2019 2:00,13,11,16.6,22.4,90,680,29.7,38,0
7/19/2019 3:00,7,9,16.6,22.1,92,679,29.1,39,0
7/19/2019 4:00,8,10,16.6,22,91,679,29.2,38,0
7/19/2019 5:00,9,11,16.6,22,90,679,29.3,37,0
7/19/2019 6:00,11,17,16.6,22,89,679,29.4,37,0
7/19/2019 7:00,18,22,16.6,22,88,680,29.5,36,0
7/19/2019 8:00,21,19,16.6,21.9,89,680,29.2,36,0
7/19/2019 9:00,19,21,16.6,22.3,87,681,29.5,36,0
7/19/2019 10:00,15,16,16.6,23.6,81,681,30.9,34,0
7/19/2019 11:00,11,11,16.6,24.7,76,681,32.4,31,0
7/19/2019 12:00,11,5,16.6,25.3,73,681,33.3,29,0
7/19/2019 13:00,12,15,16.6,26.6,68,680,34.7,27,0
7/19/2019 14:00,18,14,16.6,27.5,62,679,35.7,25,0
7/19/2019 15:00,11,12,16.6,28.5,57,679,37,23,0
7/19/2019 16:00,14,16,16.6,28.9,55,678,38.3,21,0
7/19/2019 17:00,17,14,16.6,29.1,53,678,38.3,20,0
7/19/2019 18:00,21,33,16.7,27.8,60,678,37.6,21,0
7/19/2019 19:00,34,31,16.7,24.9,80,678,34.4,29,0
7/19/2019 20:00,25,8,16.7,22.2,95,679,29.9,38,0
7/19/2019 21:00,10,13,16.6,22,92,680,28.5,40,0
7/19/2019 22:00,9,14,16.6,22.2,89,680,28.7,39,0
7/19/2019 23:00,15,16,16.6,22.3,86,680,29.2,37,0
7/20/2019 0:00,16,13,16.6,22.3,85,681,29.4,36,0
7/20/2019 1:00,14,13,16.6,22.1,87,680,29.5,36,0
7/20/2019 2:00,10,12,16.6,21.9,87,680,29.3,36,0
7/20/2019 3:00,8,13,16.6,21.6,89,680,29.2,36,0
7/20/2019 4:00,11,7,16.6,21.4,89,679,29,36,0
7/20/2019 5:00,6,9,16.6,21.2,88,679,28.8,36,0
7/20/2019 6:00,14,15,16.6,20.9,89,679,28.6,36,0
7/20/2019 7:00,12,14,16.6,20.8,89,680,28.3,36,0
7/20/2019 8:00,16,19,16.6,21.5,85,680,28.8,36,0
7/20/2019 9:00,21,20,16.6,22.3,81,681,30,33,0
7/20/2019 10:00,11,10,16.6,23.1,78,681,30.5,32,0
7/20/2019 11:00,14,21,16.6,24.5,72,681,32.3,29,0
7/20/2019 12:00,14,14,16.6,25.2,69,680,33.2,28,0
7/20/2019 13:00,12,10,16.6,26.7,64,680,34.7,26,0
7/20/2019 14:00,14,12,16.6,27,64,680,35.5,25,0
7/20/2019 15:00,15,18,16.6,27.6,61,679,36.3,24,0
7/20/2019 16:00,14,15,16.6,26.7,62,679,35.6,24,0
7/20/2019 17:00,11,12,16.7,26.7,64,679,35,25,0
7/20/2019 18:00,13,11,16.7,26.3,65,679,34.8,25,0
7/20/2019 19:00,8,15,16.6,25.7,68,679,33.7,27,0
7/20/2019 20:00,13,15,16.6,24.6,73,680,32.5,29,0
7/20/2019 21:00,14,14,16.6,23.9,75,680,31.4,30,0
7/20/2019 22:00,13,11,16.7,23.1,78,680,30.6,32,0
7/20/2019 23:00,7,8,16.7,22.4,83,681,30,34,0
7/21/2019 0:00,9,9,16.6,22.3,83,681,29.8,34,0
7/21/2019 1:00,9,12,16.7,22,84,681,29.8,34,0
7/21/2019 2:00,14,12,16.6,21.7,86,680,29.5,35,0
7/21/2019 3:00,8,9,16.6,21.5,87,680,29.3,35,0
7/21/2019 4:00,9,11,16.6,21.4,87,680,29,35,0
7/21/2019 5:00,16,9,16.7,21.3,87,679,28.8,36,0
7/21/2019 6:00,12,10,16.6,21.1,87,680,28.7,35,0
7/21/2019 7:00,7,8,16.7,21.1,87,680,28.7,36,0
7/21/2019 8:00,9,12,16.6,21.5,85,680,29,35,0
7/21/2019 9:00,10,15,16.7,22.2,82,681,29.8,34,0
7/21/2019 10:00,16,14,16.6,23.3,77,681,30.8,32,0
7/21/2019 11:00,18,12,16.6,24.8,71,681,32.4,29,0
7/21/2019 12:00,13,10,16.6,25.4,69,681,33.4,28,0
7/21/2019 13:00,11,11,16.6,26.6,64,680,34.4,26,0
7/21/2019 14:00,13,12,16.6,27.2,64,680,35.4,25,0
7/21/2019 15:00,8,10,16.6,27.2,65,679,35.6,26,0
7/21/2019 16:00,15,12,16.7,23.5,87,679,33,32,0
7/21/2019 17:00,5,9,16.6,23.5,90,679,30.9,37,0
7/21/2019 18:00,7,11,16.6,24.4,82,679,31.6,35,0
7/21/2019 19:00,11,14,16.6,24.4,80,679,31.9,33,0
7/21/2019 20:00,18,14,16.6,24.2,80,680,31.7,33,0
7/21/2019 21:00,13,9,16.6,23.7,81,680,31.2,33,0
7/21/2019 22:00,10,13,16.6,23.3,82,681,30.9,34,0
7/21/2019 23:00,12,14,16.6,22.6,86,681,30.4,35,0
7/22/2019 0:00,15,11,16.6,22.1,87,681,29.8,35,0
7/22/2019 1:00,10,10,16.6,21.9,87,681,29.6,36,0
7/22/2019 2:00,9,9,16.6,21.8,86,680,29.4,36,0
7/22/2019 3:00,8,11,16.6,21.8,86,680,29.3,35,0
7/22/2019 4:00,9,11,16.6,21.6,87,680,29.2,36,0
7/22/2019 5:00,13,9,16.6,21.2,88,680,29,36,0
7/22/2019 6:00,10,14,16.6,21.2,87,680,28.7,36,0
7/22/2019 7:00,15,15,16.6,21.1,87,680,28.5,36,0
7/22/2019 8:00,20,24,16.6,21.3,86,680,28.8,35,0
7/22/2019 9:00,20,15,16.6,22.2,80,681,29.4,34,0
7/22/2019 10:00,16,20,16.6,23.7,73,681,31.1,30,0
7/22/2019 11:00,18,16,16.6,24,72,681,31.7,29,0
7/22/2019 12:00,15,16,16.6,25.2,67,681,32.7,28,0
7/22/2019 13:00,16,17,16.6,26.2,63,680,34,26,0
7/22/2019 14:00,18,20,16.6,26.4,64,680,34.9,25,0
7/22/2019 15:00,22,19,16.7,25.7,67,680,34.4,26,0
7/22/2019 16:00,16,11,16.6,25.6,66,679,33.8,26,0
7/22/2019 17:00,12,15,16.6,25.6,66,679,33.9,26,0
7/22/2019 18:00,15,14,16.6,25,67,679,33.3,26,0
7/22/2019 19:00,10,17,16.6,24,74,680,32.3,29,0
7/22/2019 20:00,15,20,16.7,23.9,71,680,31.3,29,0
7/22/2019 21:00,21,19,16.6,22.3,84,681,30.6,33,0
7/22/2019 22:00,19,18,16.7,20.9,95,682,28.8,38,0
7/22/2019 23:00,17,12,16.6,20.6,96,682,27.5,41,0
7/23/2019 0:00,13,13,16.6,20.5,94,682,27.2,41,0
7/23/2019 1:00,14,11,16.6,20.3,94,681,27.2,40,0
7/23/2019 2:00,12,12,16.7,20,93,680,27.1,39,0
7/23/2019 3:00,17,11,16.6,19.7,94,680,26.8,40,0
7/23/2019 4:00,13,11,16.6,19.7,94,680,26.6,40,0
7/23/2019 5:00,11,16,16.6,19.7,94,680,26.6,40,0
7/23/2019 6:00,19,17,16.6,19.7,94,680,26.7,40,0
7/23/2019 7:00,13,20,16.6,19.9,94,680,26.9,40,0
7/23/2019 8:00,22,24,16.6,20.3,93,681,27.4,39,0
7/23/2019 9:00,22,25,16.6,21.3,89,681,28.2,38,0
7/23/2019 10:00,19,16,16.6,22.5,81,681,29.5,35,0
7/23/2019 11:00,16,19,16.6,23.6,76,681,31.1,32,0
7/23/2019 12:00,20,20,16.6,24.4,71,681,32.2,29,0
7/23/2019 13:00,20,22,16.6,25.4,67,681,33.3,27,0
7/23/2019 14:00,17,21,16.6,26.2,63,680,34.4,25,0
7/23/2019 15:00,22,29,16.6,26.3,62,680,34.6,24,0
7/23/2019 16:00,22,20,16.6,25.6,65,680,33.9,26,0
7/23/2019 17:00,19,19,16.6,25.5,67,680,33.7,26,0
7/23/2019 18:00,19,24,16.6,24.8,69,680,33,27,0
7/23/2019 19:00,29,28,16.6,24.6,71,680,32.3,28,0
7/23/2019 20:00,28,22,16.6,22.9,82,681,31.3,31,0
7/23/2019 21:00,17,19,16.6,22.2,86,682,30.2,34,0
7/23/2019 22:00,23,25,16.6,22,86,682,29.6,35,0
7/23/2019 23:00,19,21,16.6,22,83,682,29.3,34,0
7/24/2019 0:00,21,16,16.6,21.7,81,682,29,33,0
7/24/2019 1:00,14,15,16.6,21.3,83,682,28.7,34,0
7/24/2019 2:00,11,14,16.6,20.9,86,681,28.4,35,0
7/24/2019 3:00,17,18,16.6,20.6,88,681,28.1,36,0
7/24/2019 4:00,15,15,16.6,20.4,90,681,28.1,37,0
7/24/2019 5:00,14,20,16.6,20.2,91,681,28.1,37,0
7/24/2019 6:00,16,18,16.6,20.3,91,681,27.9,37,0
7/24/2019 7:00,16,23,16.6,20.4,90,681,27.8,37,0
7/24/2019 8:00,23,23,16.6,21.1,87,682,28.4,36,0
7/24/2019 9:00,22,27,16.6,22,82,683,29.7,34,0
7/24/2019 10:00,19,16,16.6,23.4,75,683,31,31,0
7/24/2019 11:00,18,17,16.6,25.4,67,682,32.8,28,0
7/24/2019 12:00,16,17,16.6,26.9,62,682,34.5,25,0
7/24/2019 13:00,16,19,16.6,28.1,58,681,35.9,23,0
7/24/2019 14:00,17,19,16.6,28.8,55,681,37.3,22,0
7/24/2019 15:00,20,19,16.6,30,52,680,38.7,20,0
7/24/2019 16:00,17,18,16.6,30.4,50,680,39.9,18,0
7/24/2019 17:00,26,23,16.6,29.7,51,680,39.4,19,0
7/24/2019 18:00,22,23,16.6,28.7,56,680,38.1,20,0
7/24/2019 19:00,24,26,16.7,26.7,65,681,35.8,24,0
7/24/2019 20:00,21,27,16.6,25.5,71,681,33.6,28,0
7/24/2019 21:00,27,23,16.6,25.2,73,682,33.1,29,0
7/24/2019 22:00,22,24,16.6,24.7,75,683,32.5,30,0
7/24/2019 23:00,25,26,16.6,24.1,78,683,32,31,0
7/25/2019 0:00,23,16,16.6,23.8,77,683,31.3,31,0
7/25/2019 1:00,15,11,16.6,23.4,79,683,31,32,0
7/25/2019 2:00,11,14,16.6,22.9,85,682,31,34,0
7/25/2019 3:00,10,10,16.7,22.5,86,682,30.7,34,0
7/25/2019 4:00,14,14,16.6,22.4,86,682,30.4,34,0
7/25/2019 5:00,13,14,16.6,22.1,86,682,30.2,34,0
7/25/2019 6:00,17,20,16.6,22,86,682,29.9,34,0
7/25/2019 7:00,22,20,16.6,21.9,85,683,29.6,34,0
7/25/2019 8:00,16,22,16.6,22.3,84,683,29.8,34,0
7/25/2019 9:00,20,15,16.6,23,80,683,30.6,33,0
7/25/2019 10:00,17,15,16.6,24.1,75,683,32,30,0
7/25/2019 11:00,17,13,16.6,25.2,70,683,33.3,28,0
7/25/2019 12:00,13,15,16.6,26.6,65,683,34.7,26,0
7/25/2019 13:00,16,18,16.6,27.9,60,683,36.2,24,0
7/25/2019 14:00,16,19,16.6,28.1,60,682,36.7,23,0
7/25/2019 15:00,17,14,16.6,28.2,59,682,36.6,23,0
7/25/2019 16:00,13,18,16.6,28.9,56,681,37.3,22,0
7/25/2019 17:00,17,23,16.6,28.7,55,681,37.5,21,0
7/25/2019 18:00,22,21,16.7,26.2,68,681,35.9,24,0
7/25/2019 19:00,18,27,16.7,25,74,682,33.8,28,0
7/25/2019 20:00,24,15,16.7,22.4,92,682,30.8,36,0
7/25/2019 21:00,14,18,16.7,22.1,93,683,29.4,39,0
7/25/2019 22:00,18,12,16.6,22.4,91,683,29.5,38,0
7/25/2019 23:00,15,20,16.6,22.3,91,683,29.5,38,0
7/26/2019 0:00,22,26,16.6,22.2,92,683,29.6,38,0
7/26/2019 1:00,26,24,16.6,22.2,90,683,29.8,37,0
7/26/2019 2:00,21,24,16.6,22,88,682,29.7,36,0
7/26/2019 3:00,22,21,16.6,21.8,88,682,29.6,35,0
7/26/2019 4:00,19,23,16.6,21.6,89,682,29.4,36,0
7/26/2019 5:00,23,23,16.6,21.4,90,682,29.1,37,0
7/26/2019 6:00,22,24,16.6,21.2,91,682,28.9,37,0
7/26/2019 7:00,26,34,16.6,21.3,90,682,28.8,37,0
7/26/2019 8:00,31,36,16.6,21.5,90,683,29.1,37,0
7/26/2019 9:00,31,29,16.6,22,87,683,29.6,36,0
7/26/2019 10:00,29,27,16.6,22.5,85,684,30.2,35,0
7/26/2019 11:00,22,23,16.6,23,83,684,30.6,34,0
7/26/2019 12:00,27,14,16.6,23.8,73,684,31.3,30,0
7/26/2019 13:00,12,12,16.6,25.1,63,683,32.7,26,0
7/26/2019 14:00,10,9,16.6,25.8,59,682,33.7,24,0
7/26/2019 15:00,11,10,16.6,26.5,57,681,34.5,23,0
7/26/2019 16:00,11,11,16.6,26.1,57,681,34.3,23,0
7/26/2019 17:00,12,6,16.6,25.5,61,681,33.5,25,0
7/26/2019 18:00,13,17,16.6,25,60,681,32.9,24,0
7/26/2019 19:00,20,19,16.6,24.2,66,682,32,27,0
7/26/2019 20:00,15,17,16.6,23.3,70,683,31.2,28,0
7/26/2019 21:00,22,21,16.6,23,74,683,30.9,30,0
7/26/2019 22:00,19,15,16.6,22.8,77,683,30.6,31,0
7/26/2019 23:00,15,19,16.6,22.5,78,683,30.3,32,0
7/27/2019 0:00,20,19,16.6,22,81,683,29.9,33,0
7/27/2019 1:00,15,15,16.6,21.9,81,683,29.6,33,0
7/27/2019 2:00,12,10,16.6,21.6,82,682,29.4,33,0
7/27/2019 3:00,11,11,16.6,21.2,86,682,29.2,35,0
7/27/2019 4:00,11,16,16.6,21,88,681,28.8,36,0
7/27/2019 5:00,14,17,16.6,20.9,88,681,28.7,36,0
7/27/2019 6:00,20,20,16.6,20.9,89,681,28.7,36,0
7/27/2019 7:00,23,23,16.6,20.7,90,682,28.5,36,0
7/27/2019 8:00,22,30,16.6,21.3,87,682,28.8,36,0
7/27/2019 9:00,23,18,16.6,22.9,78,683,30.1,33,0
7/27/2019 10:00,17,20,16.6,25,67,683,32.3,29,0
7/27/2019 11:00,20,23,16.6,26,63,682,33.6,26,0
7/27/2019 12:00,21,18,16.6,27.5,57,682,34.7,24,0
7/27/2019 13:00,22,20,16.6,28.1,54,682,36,22,0
7/27/2019 14:00,23,18,16.6,28.2,54,681,36.2,22,0
7/27/2019 15:00,23,18,16.6,28.4,53,681,36.6,21,0
7/27/2019 16:00,15,20,16.6,28.9,50,681,36.6,21,0
7/27/2019 17:00,21,22,16.6,28.5,49,681,36.3,20,0
7/27/2019 18:00,27,23,16.7,25.1,71,681,34,27,0
7/27/2019 19:00,22,23,16.6,24.8,73,682,31.8,31,0
7/27/2019 20:00,23,20,16.6,24.5,71,682,31.7,30,0
7/27/2019 21:00,20,19,16.7,24,71,683,31.2,30,0
7/27/2019 22:00,18,20,16.6,23.4,74,683,30.9,30,0
7/27/2019 23:00,20,20,16.6,22.9,77,683,30.4,32,0
7/28/2019 0:00,15,15,16.6,22.4,80,683,30,33,0
7/28/2019 1:00,16,14,16.6,22,81,682,29.7,33,0
7/28/2019 2:00,10,12,16.6,21.6,83,682,29.1,34,0
7/28/2019 3:00,15,17,16.6,21.3,84,682,28.9,34,0
7/28/2019 4:00,17,12,16.6,21.2,84,682,28.7,34,0
7/28/2019 5:00,10,15,16.6,21.1,84,682,28.6,35,0
7/28/2019 6:00,12,18,16.6,20.9,87,682,28.5,36,0
7/28/2019 7:00,23,20,16.6,20.8,89,682,28.5,36,0
7/28/2019 8:00,24,20,16.6,21.2,86,682,28.9,35,0
7/28/2019 9:00,18,20,16.6,21.8,83,683,29.5,34,0
7/28/2019 10:00,20,19,16.6,23.4,75,683,30.6,32,0
7/28/2019 11:00,18,22,16.6,24.7,69,683,32.3,28,0
7/28/2019 12:00,16,20,16.6,25.4,65,683,33,27,0
7/28/2019 13:00,18,23,16.6,26.6,61,682,34.2,25,0
7/28/2019 14:00,22,19,16.6,27.2,58,681,35.1,24,0
7/28/2019 15:00,17,13,16.7,26.6,63,681,34.5,25,0
7/28/2019 16:00,15,19,16.6,27.5,58,681,35.2,24,0
7/28/2019 17:00,17,10,16.7,23.6,81,681,33.2,29,0
7/28/2019 18:00,19,26,16.7,22.7,83,681,31.4,31,0
7/28/2019 19:00,18,14,16.7,22.5,84,682,29.6,35,0
7/28/2019 20:00,18,23,16.6,23.2,80,682,30.2,34,0
7/28/2019 21:00,21,19,16.6,23.3,81,682,30.6,34,0
7/28/2019 22:00,16,28,16.6,23.2,81,683,30.7,33,0
7/28/2019 23:00,26,25,16.6,22.9,79,683,30.6,32,0
7/29/2019 0:00,18,20,16.6,22.7,79,683,30.3,32,0
7/29/2019 1:00,20,17,16.6,22.3,80,682,30.2,32,0
7/29/2019 2:00,16,16,16.7,21.9,81,682,29.8,33,0
7/29/2019 3:00,18,17,16.6,21.7,83,681,29.4,34,0
7/29/2019 4:00,17,18,16.6,21.6,85,681,29.2,35,0
7/29/2019 5:00,20,19,16.6,21.5,87,681,29.3,35,0
7/29/2019 6:00,17,22,16.6,21.3,88,681,29.2,35,0
7/29/2019 7:00,23,25,16.6,21.5,87,682,28.9,36,0
7/29/2019 8:00,30,32,16.6,21.7,87,682,29.2,36,0
7/29/2019 9:00,26,28,16.6,22.2,84,683,29.7,35,0
7/29/2019 10:00,22,20,16.6,23.9,75,683,31.2,32,0
7/29/2019 11:00,17,17,16.6,24.7,69,683,32.6,28,0
7/29/2019 12:00,17,17,16.6,25.5,65,682,33.3,26,0
7/29/2019 13:00,21,21,16.6,25.9,64,682,34,25,0
7/29/2019 14:00,20,23,16.6,26.3,63,681,34.3,25,0
7/29/2019 15:00,22,22,16.6,27.3,59,681,35.4,23,0
7/29/2019 16:00,18,18,16.6,26.8,58,681,35.5,22,0
7/29/2019 17:00,18,17,16.6,26.5,59,681,34.8,23,0
7/29/2019 18:00,21,23,16.6,26.1,61,681,34.4,24,0
7/29/2019 19:00,23,23,16.6,24.8,66,681,33,26,0
7/29/2019 20:00,19,21,16.6,23.8,71,682,31.7,28,0
7/29/2019 21:00,21,21,16.6,23.2,73,682,30.9,29,0
7/29/2019 22:00,20,22,16.6,22.7,76,683,30.3,31,0
7/29/2019 23:00,19,17,16.6,22.5,78,684,30.1,32,0
7/30/2019 0:00,18,16,16.6,22.2,79,683,29.9,32,0
7/30/2019 1:00,14,12,16.6,21.8,81,683,29.5,33,0
7/30/2019 2:00,13,13,16.6,21.5,82,682,29.1,33,0
7/30/2019 3:00,8,8,16.6,21.2,84,682,28.9,34,0
7/30/2019 4:00,8,16,16.6,21,85,682,28.7,34,0
7/30/2019 5:00,17,17,16.6,20.8,86,682,28.5,35,0
7/30/2019 6:00,18,15,16.6,20.6,86,682,28.3,35,0
7/30/2019 7:00,17,25,16.6,20.6,87,683,28.4,35,0
7/30/2019 8:00,31,28,16.6,20.9,85,683,28.7,34,0
7/30/2019 9:00,26,23,16.6,22,80,683,29.5,33,0
7/30/2019 10:00,19,19,16.6,23.2,74,684,30.7,30,0
7/30/2019 11:00,17,19,16.6,24.2,68,684,32.1,28,0
7/30/2019 12:00,13,21,16.6,25.2,65,683,33.1,26,0
7/30/2019 13:00,17,17,16.6,25.8,62,683,33.8,25,0
7/30/2019 14:00,19,14,16.6,26.8,58,682,34.4,24,0
7/30/2019 15:00,14,11,16.6,27.1,57,682,35.2,23,0
7/30/2019 16:00,13,13,16.6,27.1,58,682,35.5,23,0
7/30/2019 17:00,19,16,16.7,26.2,60,682,34.9,23,0
7/30/2019 18:00,10,14,16.7,25.5,63,682,33.5,25,0
7/30/2019 19:00,19,21,16.6,24.8,65,682,32.5,26,0
7/30/2019 20:00,17,23,16.6,24.2,67,683,31.7,27,0
7/30/2019 21:00,26,31,16.6,23.7,68,684,31.3,28,0
7/30/2019 22:00,26,24,16.6,23.1,71,684,30.9,29,0
7/30/2019 23:00,19,21,16.6,22.5,75,684,30.3,30,0
7/31/2019 0:00,22,22,16.6,22,79,684,29.7,32,0
7/31/2019 1:00,22,17,16.6,21.7,81,684,29.3,33,0
7/31/2019 2:00,17,17,16.6,21.4,82,683,29.1,33,0
7/31/2019 3:00,17,17,16.6,21.1,84,683,28.9,34,0
7/31/2019 4:00,18,17,16.6,20.8,85,683,28.6,34,0
7/31/2019 5:00,19,18,16.6,20.6,87,683,28.2,35,0
7/31/2019 6:00,18,20,16.6,20.2,90,683,28.1,36,0
7/31/2019 7:00,24,26,16.6,20.2,90,683,27.9,37,0
7/31/2019 8:00,31,35,16.6,20.8,87,684,28.2,36,0
7/31/2019 9:00,33,39,16.6,22.2,80,684,29.5,34,0
7/31/2019 10:00,29,24,16.6,24.3,70,684,31.7,29,0
7/31/2019 11:00,19,18,16.6,25.9,60,684,33.3,26,0
7/31/2019 12:00,15,16,16.6,27.4,56,684,34.7,23,0
7/31/2019 13:00,20,17,16.6,28.2,52,683,35.7,22,0
7/31/2019 14:00,16,15,16.6,29,49,683,36.8,20,0
7/31/2019 15:00,17,21,16.6,29.9,46,682,38.2,18,0
7/31/2019 16:00,15,12,16.6,29.9,45,682,38.8,17,0
7/31/2019 17:00,19,22,16.6,29.6,47,681,38.6,18,0
7/31/2019 18:00,19,18,16.6,28.8,51,682,37.8,19,0
7/31/2019 19:00,24,26,16.7,26.7,59,682,36.1,22,0
7/31/2019 20:00,20,24,16.7,26,63,683,34,25,0
7/31/2019 21:00,25,22,16.6,25.6,64,683,33.2,26,0
7/31/2019 22:00,20,21,16.6,24.7,68,684,32.3,28,0
7/31/2019 23:00,25,22,16.6,23.7,73,684,31.4,29,0
8/1/2019 0:00,22,24,16.6,23,76,684,30.7,31,0
8/1/2019 1:00,21,19,16.6,22.5,80,683,30.2,32,0
8/1/2019 2:00,17,17,16.6,21.9,83,683,29.7,33,0
8/1/2019 3:00,16,19,16.6,21.6,85,683,29.4,34,0
8/1/2019 4:00,15,14,16.6,21.3,86,683,28.9,35,0
8/1/2019 5:00,15,13,16.6,21,87,682,28.7,35,0
8/1/2019 6:00,15,20,16.6,20.7,89,683,28.4,36,0
8/1/2019 7:00,18,22,16.6,20.6,90,683,28.3,37,0
8/1/2019 8:00,26,29,16.6,21.4,86,683,28.8,36,0
8/1/2019 9:00,23,22,16.6,22.5,81,684,30,33,0
8/1/2019 10:00,22,19,16.6,24.2,72,684,31.7,30,0
8/1/2019 11:00,17,16,16.6,25.9,62,684,33.3,26,0
8/1/2019 12:00,16,18,16.6,26.7,59,683,34.5,24,0
8/1/2019 13:00,16,16,16.6,28.5,52,683,35.7,22,0
8/1/2019 14:00,15,12,16.6,29.5,45,682,37.2,19,0
8/1/2019 15:00,11,10,16.6,30.6,41,681,38.5,17,0
8/1/2019 16:00,13,14,16.6,30.5,44,681,39.2,17,0
8/1/2019 17:00,14,20,16.6,30.5,41,681,39.3,16,0
8/1/2019 18:00,17,14,16.6,29.8,44,681,38.4,17,0
8/1/2019 19:00,19,22,16.6,28.1,52,682,37,20,0
8/1/2019 20:00,20,22,16.7,26.6,57,682,34.6,22,0
8/1/2019 21:00,18,17,16.6,25.6,61,683,33.2,24,0
8/1/2019 22:00,18,21,16.6,24.7,64,683,32.4,26,0
8/1/2019 23:00,19,16,16.6,24,67,683,31.7,27,0
8/2/2019 0:00,14,14,16.6,23.3,71,683,31,29,0
8/2/2019 1:00,14,14,16.6,22.5,76,683,30.2,31,0
8/2/2019 2:00,11,14,16.6,22,79,682,29.6,32,0
8/2/2019 3:00,9,11,16.6,21.7,81,682,29.2,33,0
8/2/2019 4:00,13,15,16.6,21.6,81,682,29.1,33,0
8/2/2019 5:00,10,15,16.6,21.4,83,682,29,34,0
8/2/2019 6:00,15,15,16.6,21.1,84,682,28.8,34,0
8/2/2019 7:00,16,23,16.6,21,85,682,28.6,35,0
8/2/2019 8:00,23,24,16.6,21.4,83,683,28.8,34,0
8/2/2019 9:00,23,21,16.6,22,80,683,29.4,33,0
8/2/2019 10:00,20,19,16.6,22.9,75,683,30.3,31,0
8/2/2019 11:00,17,19,16.6,24.2,69,683,31.6,29,0
8/2/2019 12:00,17,22,16.6,25,66,683,33,26,0
8/2/2019 13:00,16,21,16.6,25.7,63,682,33.7,25,0
8/2/2019 14:00,21,14,16.6,26.2,59,682,33.8,24,0
8/2/2019 15:00,16,17,16.6,26.7,57,682,34.7,23,0
8/2/2019 16:00,14,16,16.6,26.4,58,681,34.7,23,0
8/2/2019 17:00,18,17,16.6,26.4,57,681,34.7,23,0
8/2/2019 18:00,18,18,16.6,25.9,59,682,34.2,23,0
8/2/2019 19:00,20,20,16.7,25.1,63,682,33.3,25,0
8/2/2019 20:00,17,18,16.7,24.4,64,682,32.2,26,0
8/2/2019 21:00,15,23,16.6,24.1,66,683,31.7,27,0
8/2/2019 22:00,23,23,16.6,23.9,68,683,31.4,28,0
8/2/2019 23:00,24,21,16.6,23.3,74,683,31.3,29,0
8/3/2019 0:00,15,19,16.6,22.7,78,683,30.7,31,0
8/3/2019 1:00,19,14,16.6,22.5,77,683,30.2,31,0
8/3/2019 2:00,17,13,16.6,22.2,77,683,29.9,32,0
8/3/2019 3:00,13,12,16.6,22,77,682,29.6,32,0
8/3/2019 4:00,9,11,16.6,21.8,79,682,29.4,32,0
8/3/2019 5:00,11,12,16.6,21.4,83,682,29.2,33,0
8/3/2019 6:00,12,14,16.6,21.3,83,682,28.9,34,0
8/3/2019 7:00,13,15,16.6,21.1,86,682,28.8,35,0
8/3/2019 8:00,14,18,16.6,21.5,85,682,29.1,35,0
8/3/2019 9:00,19,17,16.6,22.2,81,683,29.8,33,0
8/3/2019 10:00,14,15,16.6,23.4,73,683,30.7,30,0
8/3/2019 11:00,18,16,16.6,24.7,65,683,32,27,0
8/3/2019 12:00,11,17,16.6,25.8,61,683,33.3,25,0
8/3/2019 13:00,15,16,16.6,26.9,55,682,34.5,22,0
8/3/2019 14:00,14,17,16.6,28,50,682,35.6,20,0
8/3/2019 15:00,16,15,16.6,28.3,52,681,36.6,21,0
8/3/2019 16:00,15,14,16.6,27.6,56,681,36.4,21,0
8/3/2019 17:00,19,21,16.6,27.8,54,681,36.6,20,0
8/3/2019 18:00,22,23,16.6,27.1,57,681,35.8,22,0
8/3/2019 19:00,21,19,16.7,26,61,682,34.3,24,0
8/3/2019 20:00,19,21,16.7,25.3,62,682,33,25,0
8/3/2019 21:00,21,19,16.6,24.3,69,683,32,28,0
8/3/2019 22:00,18,16,16.6,23.6,73,684,31.4,29,0
8/3/2019 23:00,19,21,16.6,23.1,74,684,30.7,30,0
8/4/2019 0:00,19,18,16.6,22.7,76,684,30.3,31,0
8/4/2019 1:00,11,11,16.6,22.2,79,683,29.9,32,0
8/4/2019 2:00,13,12,16.6,22,80,683,29.7,32,0
8/4/2019 3:00,14,16,16.6,21.7,83,682,29.6,33,0
8/4/2019 4:00,12,10,16.6,21.4,85,682,29.4,34,0
8/4/2019 5:00,9,13,16.6,21.5,84,682,29.1,34,0
8/4/2019 6:00,13,15,16.6,21.6,84,682,29.1,34,0
8/4/2019 7:00,18,16,16.6,21.6,83,682,29.1,34,0
8/4/2019 8:00,13,18,16.6,22,82,683,29.4,34,0
8/4/2019 9:00,21,24,16.6,22.6,79,683,30,33,0
8/4/2019 10:00,21,15,16.6,23.9,72,683,30.9,31,0
8/4/2019 11:00,12,12,16.6,24.9,67,683,32.4,28,0
8/4/2019 12:00,15,16,16.6,25.4,65,683,33.3,26,0
8/4/2019 13:00,12,10,16.7,25.6,65,682,33.3,27,0
8/4/2019 14:00,11,14,16.6,27.3,58,682,34.8,24,0
8/4/2019 15:00,14,19,16.6,26.9,60,681,35.3,23,0
8/4/2019 16:00,15,17,16.6,26.7,61,681,34.8,24,0
8/4/2019 17:00,16,14,16.6,26.7,60,681,34.6,24,0
8/4/2019 18:00,11,14,16.6,26.4,61,681,34.1,25,0
8/4/2019 19:00,12,12,16.7,25.6,64,681,33.2,26,0
8/4/2019 20:00,13,9,16.7,24.7,68,681,32.1,28,0
8/4/2019 21:00,10,12,16.6,24,73,682,31.5,30,0
8/4/2019 22:00,14,14,16.7,22.9,80,682,30.8,32,0
8/4/2019 23:00,12,14,16.6,22.7,82,683,30.3,34,0
8/5/2019 0:00,14,18,16.6,22.7,81,683,30.1,33,0
8/5/2019 1:00,14,11,16.6,22.6,80,682,30,33,0
8/5/2019 2:00,8,6,16.6,22.1,83,681,29.7,34,0
8/5/2019 3:00,9,8,16.6,21.9,85,681,29.3,35,0
8/5/2019 4:00,11,9,16.6,21.8,85,681,29.2,35,0
8/5/2019 5:00,9,14,16.6,21.7,87,681,29.2,36,0
8/5/2019 6:00,15,14,16.7,21,94,681,28.4,39,0
8/5/2019 7:00,14,16,16.6,21,94,681,28,40,0
8/5/2019 8:00,22,24,16.6,21.3,91,682,28.4,38,0
8/5/2019 9:00,22,21,16.6,21.9,87,682,29.1,37,0
8/5/2019 10:00,17,16,16.6,22.8,80,682,30,34,0
8/5/2019 11:00,16,21,16.6,23.4,77,682,31.1,32,0
8/5/2019 12:00,15,16,16.6,23.7,78,682,31.5,32,0
8/5/2019 13:00,13,13,16.6,25.4,68,681,32.6,29,0
8/5/2019 14:00,8,11,16.6,26.2,63,681,33.8,26,0
8/5/2019 15:00,13,15,16.6,25.9,63,681,33.7,25,0
8/5/2019 16:00,19,15,16.7,22.6,83,681,31.3,31,0
8/5/2019 17:00,8,7,16.7,23.1,78,681,30,34,0
8/5/2019 18:00,9,9,16.6,23.6,76,681,30.6,32,0
8/5/2019 19:00,10,12,16.6,23.3,76,681,30.5,32,0
8/5/2019 20:00,11,18,16.6,23.1,76,682,30.3,32,0
8/5/2019 21:00,15,12,16.6,22.2,82,682,29.5,34,0
8/5/2019 22:00,14,14,16.6,21.9,82,682,29.2,34,0
8/5/2019 23:00,11,12,16.6,21.6,83,682,29,34,0
8/6/2019 0:00,99999,99999,0,21.5,84,682,27.1,43,1
8/6/2019 1:00,99999,99999,0,21.2,86,682,24.1,52,1
8/6/2019 2:00,99999,99999,0,21,86,681,22.8,57,1
8/6/2019 3:00,99999,99999,0,20.9,87,681,22.3,59,1
8/6/2019 4:00,99999,99999,0,20.6,89,681,21.8,61,1
8/6/2019 5:00,99999,99999,0,20.5,89,680,21.3,64,1
8/6/2019 6:00,99999,99999,0,20.6,89,680,21.3,65,1
8/6/2019 7:00,99999,99999,0,20.8,89,681,21.6,64,1
8/6/2019 8:00,99999,99999,0,20.6,92,681,21.6,65,1
8/6/2019 9:00,99999,99999,0,21.6,87,682,22,66,1
8/6/2019 18:00,99999,24,5.4,23.3,75,681,21.7,54,896
8/6/2019 19:00,89999,-3,16.6,22.6,79,681,25.1,44,0
8/6/2019 20:00,13,17,16.6,22.4,80,681,28.8,35,0
8/6/2019 21:00,18,13,16.6,21.8,87,682,29.2,36,0
8/6/2019 22:00,11,12,16.6,21.4,90,682,28.8,37,0
8/6/2019 23:00,10,10,16.6,21.2,91,682,28.2,38,0
8/7/2019 0:00,13,12,16.6,21.3,90,681,28.3,38,0
8/7/2019 1:00,8,9,16.6,21.2,89,681,28.3,37,0
8/7/2019 2:00,8,8,16.6,20.9,92,681,27.8,39,0
8/7/2019 3:00,6,7,16.6,20.7,93,680,27.5,40,0
8/7/2019 4:00,8,7,16.6,20.8,91,680,27.6,39,0
8/7/2019 5:00,5,6,16.6,21,89,680,27.8,38,0
8/7/2019 6:00,5,10,16.6,21,89,680,28.1,37,0
8/7/2019 7:00,14,16,16.6,20.8,92,680,28.4,37,0
8/7/2019 8:00,19,23,16.6,21.1,91,681,28.5,37,0
8/7/2019 9:00,24,21,16.6,21.1,94,681,28.2,39,0
8/7/2019 10:00,23,24,16.6,21.1,95,682,27.8,40,0
8/7/2019 11:00,23,15,16.6,21.9,90,681,28.4,39,0
8/7/2019 12:00,13,16,16.6,23,84,681,29.7,36,0
8/7/2019 13:00,13,10,16.6,23.6,81,680,30.5,35,0
8/7/2019 14:00,9,9,16.6,24.1,77,680,31.2,33,0
8/7/2019 15:00,8,8,16.6,24.3,75,680,31.4,32,0
8/7/2019 16:00,3,9,16.6,23.9,77,679,31.3,32,0
8/7/2019 17:00,9,11,16.6,23.9,77,679,31,32,0
8/7/2019 18:00,13,13,16.6,23.8,75,679,30.9,32,0
8/7/2019 19:00,13,16,16.6,23.4,78,680,30.5,33,0
8/7/2019 20:00,14,14,16.6,22.9,81,680,29.9,34,0
8/7/2019 21:00,19,17,16.6,22,87,681,29.2,36,0
8/7/2019 22:00,12,15,16.6,21.6,90,681,28.6,38,0
8/7/2019 23:00,15,14,16.6,21.5,91,681,28.5,38,0
8/8/2019 0:00,11,12,16.6,21.4,90,681,28.5,38,0
8/8/2019 1:00,10,9,16.6,21.4,90,680,28.5,38,0
8/8/2019 2:00,9,7,16.6,21.5,89,679,28.4,38,0
8/8/2019 3:00,7,10,16.6,21.5,88,679,28.3,37,0
8/8/2019 4:00,11,10,16.6,21.6,87,679,28.4,37,0
8/8/2019 5:00,9,9,16.6,21.6,87,679,28.5,37,0
8/8/2019 6:00,10,13,16.6,21.5,89,680,28.5,37,0
8/8/2019 7:00,16,11,16.6,21,92,680,27.8,39,0
8/8/2019 8:00,16,21,16.6,21.3,92,680,28,40,0
8/8/2019 9:00,18,15,16.6,22.3,86,680,29,37,0
8/8/2019 10:00,17,15,16.6,22.8,83,681,29.8,35,0
8/8/2019 11:00,13,16,16.6,23.8,78,681,31,33,0
8/8/2019 12:00,16,12,16.6,23.6,80,681,31.1,33,0
8/8/2019 13:00,12,19,16.6,24.9,74,680,32.3,30,0
8/8/2019 14:00,19,20,16.6,24.7,75,680,32.7,30,0
8/8/2019 15:00,19,25,16.6,23.7,85,679,31.6,33,0
8/8/2019 16:00,25,24,16.6,22.4,92,679,29.5,38,0
8/8/2019 17:00,19,17,16.6,21.7,94,679,28.4,40,0
8/8/2019 18:00,23347,99999,16.2,22.5,91,679,28.7,40,512
8/8/2019 19:00,99999,28,16.4,22.6,88,679,28.8,38,768
8/8/2019 20:00,11685,18,16.6,22.1,91,680,29.1,37,0
8/8/2019 21:00,18,19,16.6,21.8,91,681,28.9,37,0
8/8/2019 22:00,16,18,16.6,21.6,92,681,28.7,38,0
8/8/2019 23:00,21,17,16.6,21.4,92,681,28.7,37,0
8/9/2019 0:00,18,13,16.6,21.4,92,681,28.6,37,0
8/9/2019 1:00,13,14,16.6,21.3,92,681,28.6,37,0
8/9/2019 2:00,16,9,16.6,21.2,93,680,28.6,37,0
8/9/2019 3:00,7,6,16.6,21.1,93,680,28.4,37,0
8/9/2019 4:00,5,8,16.6,21,93,680,28.3,38,0
8/9/2019 5:00,8,6,16.7,20.8,94,680,28,38,0
8/9/2019 6:00,10,14,16.6,21.1,91,680,27.9,38,0
8/9/2019 7:00,16,18,16.6,21,91,680,28,37,0
8/9/2019 8:00,19,19,16.6,21.2,92,681,28.1,38,0
8/9/2019 9:00,21,22,16.6,22.2,86,681,29.2,36,0
8/9/2019 10:00,18,17,16.6,22.8,84,682,30.5,33,0
8/9/2019 11:00,18,22,16.6,23.2,83,682,31,33,0
8/9/2019 12:00,18,18,16.6,24.9,73,681,32,30,0
8/9/2019 13:00,16,20,16.6,25,71,681,32.4,28,0
8/9/2019 14:00,16,18,16.6,25.2,70,681,32.7,28,0
8/9/2019 15:00,12,14,16.6,25.2,69,681,32.8,27,0
8/9/2019 16:00,18,15,16.6,24.4,75,681,32.3,29,0
8/9/2019 17:00,18,20,16.6,24.2,78,681,32.1,30,0
8/9/2019 18:00,20,14,16.6,22.9,83,681,30.8,32,0
8/9/2019 19:00,13,16,16.6,22.1,87,682,30,34,0
8/9/2019 20:00,11,14,16.6,21.5,91,681,29.2,36,0
8/9/2019 21:00,15,14,16.6,21.3,89,682,28.8,36,0
8/9/2019 22:00,14,12,16.6,21.1,92,683,28.5,37,0
8/9/2019 23:00,9,13,16.6,21.1,91,683,28.5,37,0
8/10/2019 0:00,11,12,16.6,21,91,682,28.6,36,0
8/10/2019 1:00,6,9,16.6,20.8,92,682,28.4,36,0
8/10/2019 2:00,9,9,16.6,20.7,91,681,28.3,36,0
8/10/2019 3:00,11,14,16.6,20.8,90,681,28.2,36,0
8/10/2019 4:00,15,13,16.6,20.7,90,681,28.1,36,0
8/10/2019 5:00,14,13,16.6,20.6,90,681,27.7,37,0
8/10/2019 6:00,10,12,16.6,20.7,89,681,27.7,37,0
8/10/2019 7:00,11,14,16.6,20.6,90,681,28,36,0
8/10/2019 8:00,16,19,16.6,20.8,89,682,28.4,35,0
8/10/2019 9:00,18,16,16.6,22.2,82,682,29.4,34,0
8/10/2019 10:00,13,8,16.6,23.6,74,682,30.7,31,0
8/10/2019 11:00,13,19,16.6,23.9,74,682,32.1,29,0
8/10/2019 12:00,16,14,16.6,25.2,69,682,32.9,28,0
8/10/2019 13:00,14,16,16.6,26.1,67,681,34.2,26,0
8/10/2019 14:00,17,17,16.6,25.8,68,681,34.3,26,0
8/10/2019 15:00,17,18,16.6,25.8,67,681,33.9,26,0
8/10/2019 16:00,17,14,16.6,24.5,73,681,32.8,28,0
8/10/2019 17:00,15,13,16.6,24.4,70,681,32.4,27,0
8/10/2019 18:00,16,18,16.6,24,73,681,32,28,0
8/10/2019 19:00,16,16,16.6,23.3,77,681,31.2,30,0
8/10/2019 20:00,20,17,16.6,23,78,682,30.5,31,0
8/10/2019 21:00,17,15,16.6,22.8,79,683,30.3,32,0
8/10/2019 22:00,14,10,16.6,22.6,80,683,30.1,32,0
8/10/2019 23:00,13,13,16.6,22,83,683,29.7,33,0
8/11/2019 0:00,11,11,16.6,21.6,86,683,29.4,34,0
8/11/2019 1:00,12,11,16.6,21.4,86,683,29.2,34,0
8/11/2019 2:00,9,12,16.6,21.2,87,682,29,34,0
8/11/2019 3:00,11,10,16.6,21,86,682,28.7,34,0
8/11/2019 4:00,7,10,16.6,20.8,87,682,28.4,34,0
8/11/2019 5:00,11,15,16.6,20.7,86,682,28.2,35,0
8/11/2019 6:00,15,13,16.6,20.9,83,682,28.2,33,0
8/11/2019 7:00,17,18,16.6,20.7,84,682,28.3,34,0
8/11/2019 8:00,13,18,16.6,21.3,82,682,28.7,33,0
8/11/2019 9:00,16,13,16.6,21.8,79,683,29.5,32,0
8/11/2019 10:00,10,11,16.6,23.6,72,682,30.9,29,0
8/11/2019 11:00,11,13,16.6,24.3,70,682,32.2,28,0
8/11/2019 12:00,14,15,16.6,25.6,65,682,33.7,25,0
8/11/2019 13:00,10,8,16.6,25.6,67,682,34.1,26,0
8/11/2019 14:00,6,12,16.6,27.1,60,681,35.2,24,0
8/11/2019 15:00,11,18,16.6,27.5,59,680,36,22,0
8/11/2019 16:00,15,16,16.6,26.9,60,680,35.7,22,0
8/11/2019 17:00,14,14,16.6,26.1,65,680,34.7,25,0
8/11/2019 18:00,16,15,16.6,25.7,68,680,33.9,26,0
8/11/2019 19:00,8,13,16.6,25.3,68,681,33.1,27,0
8/11/2019 20:00,19,19,16.7,22.3,87,682,31.1,32,0
8/11/2019 21:00,11,16,16.6,21.8,94,682,29.2,37,0
8/11/2019 22:00,16,14,16.6,22.3,91,683,29.6,36,0
8/11/2019 23:00,13,16,16.6,22.2,91,683,29.9,36,0
8/12/2019 0:00,11,10,16.6,21.7,92,682,29.6,36,0
8/12/2019 1:00,10,13,16.6,21.5,93,682,29.4,36,0
8/12/2019 2:00,12,11,16.7,21.3,92,682,29.2,36,0
8/12/2019 3:00,7,9,16.6,21.2,92,681,29.1,36,0
8/12/2019 4:00,11,9,16.6,21.2,92,681,29.1,36,0
8/12/2019 5:00,11,15,16.6,21.2,91,681,28.9,36,0
8/12/2019 6:00,12,13,16.6,21.1,92,681,28.9,36,0
8/12/2019 7:00,18,24,16.6,21,92,682,28.9,35,0
8/12/2019 8:00,22,22,16.6,21.3,90,682,29,35,0
8/12/2019 9:00,22,16,16.6,22.1,86,683,29.8,34,0
8/12/2019 10:00,20,19,16.6,23.4,79,683,31.3,31,0
8/12/2019 11:00,12,13,16.6,25,71,682,33.1,27,0
8/12/2019 12:00,15,13,16.6,25.1,70,682,33.7,26,0
8/12/2019 13:00,15,15,16.6,26.8,63,682,35.1,24,0
8/12/2019 14:00,15,19,16.6,27.2,62,681,36.3,23,0
8/12/2019 15:00,11,10,16.7,27.5,60,681,36.4,22,0
8/12/2019 16:00,11,15,16.6,28.2,59,680,37,22,0
8/12/2019 17:00,16,22,16.6,27.9,60,680,37,22,0
8/12/2019 18:00,19,21,16.6,27.1,62,680,35.7,23,0
8/12/2019 19:00,26,28,16.6,25.1,76,681,34.3,27,0
8/12/2019 20:00,26,22,16.6,23.5,82,681,32.2,30,0
8/12/2019 21:00,25,28,16.6,23.5,83,682,31.6,31,0
8/12/2019 22:00,29,30,16.6,23.7,82,682,31.6,31,0
8/12/2019 23:00,26,25,16.6,23,87,683,31.3,33,0
8/13/2019 0:00,19,13,16.6,22.5,89,682,30.5,34,0
8/13/2019 1:00,10,12,16.6,22.4,88,682,30.3,34,0
8/13/2019 2:00,15,16,16.6,22,89,681,30.1,34,0
8/13/2019 3:00,17,17,16.6,21.7,91,681,29.8,34,0
8/13/2019 4:00,17,22,16.6,21.6,90,681,29.6,35,0
8/13/2019 5:00,15,17,16.6,21.3,91,681,29.4,35,0
8/13/2019 6:00,16,12,16.6,21.2,91,681,29.2,35,0
8/13/2019 7:00,13,19,16.6,21.3,90,681,29.1,35,0
8/13/2019 8:00,20,26,16.6,21.8,87,682,29.6,34,0
8/13/2019 9:00,20,20,16.6,22.8,82,682,30.5,32,0
8/13/2019 10:00,17,17,16.6,23.5,79,683,31.5,30,0
8/13/2019 11:00,15,13,16.6,24.7,73,683,32.8,28,0
8/13/2019 12:00,12,15,16.6,25.7,68,683,34.3,26,0
8/13/2019 13:00,18,24,16.6,26.5,65,682,35.1,25,0
8/13/2019 14:00,17,12,16.6,27.4,61,681,35.8,23,0
8/13/2019 15:00,12,19,16.6,28.1,59,681,37.3,21,0
8/13/2019 16:00,24,30,16.6,28.5,57,681,38.1,20,0
8/13/2019 17:00,25,24,16.6,28.1,58,680,37.5,21,0
8/13/2019 18:00,21,24,16.6,26.8,64,681,36.2,23,0
8/13/2019 19:00,23,14,16.7,22.5,90,682,32.7,30,0
8/13/2019 20:00,10,10,16.6,22.3,89,682,30.7,33,0
8/13/2019 21:00,12,13,16.6,22.4,90,683,30.6,34,0
8/13/2019 22:00,12,12,16.7,22,91,683,30.4,34,0
8/13/2019 23:00,24,30,16.6,22.6,86,683,30.6,33,0
8/14/2019 0:00,25,25,16.6,22.5,82,683,30.4,31,0
8/14/2019 1:00,23,25,16.6,22.1,84,683,30.2,32,0
8/14/2019 2:00,24,20,16.6,21.7,86,682,29.8,33,0
8/14/2019 3:00,17,16,16.6,21.4,89,682,29.3,34,0
8/14/2019 4:00,21,23,16.6,21.2,90,681,29.2,34,0
8/14/2019 5:00,21,21,16.6,21.1,89,682,28.9,34,0
8/14/2019 6:00,20,22,16.6,21.1,89,682,28.9,35,0
8/14/2019 7:00,28,30,16.6,21.2,88,682,29.1,34,0
8/14/2019 8:00,32,32,16.6,21.9,85,683,29.8,33,0
8/14/2019 9:00,30,29,16.6,22.7,81,683,31,31,0
8/14/2019 10:00,24,23,16.6,23.7,76,683,32,29,0
8/14/2019 11:00,19,24,16.6,25.3,69,683,33.4,27,0
8/14/2019 12:00,22,23,16.6,26.1,66,683,34.9,25,0
8/14/2019 13:00,22,20,16.6,27.3,62,682,35.7,23,0
8/14/2019 14:00,19,18,16.6,28.3,57,682,37.2,21,0
8/14/2019 15:00,19,16,16.6,27.9,59,681,37.7,21,0
8/14/2019 16:00,14,11,16.6,27,63,681,36.3,22,0
8/14/2019 17:00,24,22,16.7,22.5,88,682,33.1,29,0
8/14/2019 18:00,18,21,16.6,23,90,682,30.4,35,0
8/14/2019 19:00,19,11,16.7,21.9,95,682,29.9,36,0
8/14/2019 20:00,10,12,16.6,21.9,96,683,28.9,39,0
8/14/2019 21:00,18,21,16.6,22.2,89,683,29,36,0
8/14/2019 22:00,21,22,16.6,22,87,684,29.1,35,0
8/14/2019 23:00,19,18,16.6,21.9,87,684,29.3,35,0
8/15/2019 0:00,16,19,16.6,21.5,90,684,29.1,35,0
8/15/2019 1:00,18,14,16.6,21.2,91,684,29,35,0
8/15/2019 2:00,15,12,16.6,21.1,90,683,28.9,35,0
8/15/2019 3:00,8,7,16.6,21.1,90,683,28.9,35,0
8/15/2019 4:00,11,11,16.6,20.9,90,683,28.7,35,0
8/15/2019 5:00,9,14,16.6,21,90,683,28.7,35,0
8/15/2019 6:00,15,10,16.6,21.1,89,683,28.8,35,0
8/15/2019 7:00,10,12,16.6,21.1,89,683,28.9,35,0
8/15/2019 8:00,18,22,16.6,21.6,87,684,29.4,34,0
8/15/2019 9:00,20,12,16.6,22.4,81,684,30.2,32,0
8/15/2019 10:00,14,12,16.6,23.6,73,684,31.4,29,0
8/15/2019 11:00,12,16,16.6,25.6,65,684,33.5,26,0
8/15/2019 12:00,11,17,16.6,26.3,63,684,34.8,24,0
8/15/2019 13:00,16,15,16.6,27.1,60,683,35.6,23,0
8/15/2019 14:00,13,12,16.6,27.1,60,683,35.9,22,0
8/15/2019 15:00,13,12,16.6,26.9,64,682,36.2,23,0
8/15/2019 16:00,10,22,16.6,28.1,60,682,37.7,21,0
8/15/2019 17:00,19,8,16.7,23.1,88,682,33.6,29,0
8/15/2019 18:00,10,14,16.6,23.3,82,682,31.4,31,0
8/15/2019 19:00,12,12,16.6,23.4,84,683,31.3,33,0
8/15/2019 20:00,18,24,16.6,23.3,84,683,31.5,32,0
8/15/2019 21:00,25,25,16.6,23.2,86,683,31.2,33,0
8/15/2019 22:00,24,22,16.6,23,89,684,30.9,34,0
8/15/2019 23:00,21,17,16.6,22.8,88,684,31,34,0
8/16/2019 0:00,16,16,16.6,22.6,88,684,30.7,33,0
8/16/2019 1:00,13,13,16.6,22.2,87,683,30.4,33,0
8/16/2019 2:00,17,15,16.6,21.9,87,683,30.1,33,0
8/16/2019 3:00,16,15,16.6,21.7,86,683,30,33,0
8/16/2019 4:00,13,15,16.6,21.4,88,683,29.5,33,0
8/16/2019 5:00,15,13,16.6,21.2,89,682,29.2,34,0
8/16/2019 6:00,13,20,16.6,21.2,89,683,29.2,34,0
8/16/2019 7:00,21,27,16.6,21.4,89,683,29.4,34,0
8/16/2019 8:00,22,23,16.6,22,87,683,29.9,34,0
8/16/2019 9:00,23,22,16.6,22.9,82,684,31.2,31,0
8/16/2019 10:00,15,13,16.6,24.1,77,684,32.4,30,0
8/16/2019 11:00,17,13,16.6,25,73,684,33.5,28,0
8/16/2019 12:00,12,11,16.6,26.4,68,683,35,25,0
8/16/2019 13:00,9,9,16.6,27.1,64,683,36.3,23,0
8/16/2019 14:00,9,5,16.7,27.2,63,682,36.2,23,0
8/16/2019 15:00,4,11,16.6,28.6,57,681,37.6,21,0
8/16/2019 16:00,10,17,16.6,29.1,57,681,39,20,0
8/16/2019 17:00,12,14,16.6,27,67,681,37.5,22,0
8/16/2019 18:00,18,15,16.7,24.4,81,681,35,26,0
8/16/2019 19:00,18,23,16.6,23.7,82,681,33.1,29,0
8/16/2019 20:00,25,28,16.6,23.3,84,682,31.7,31,0
8/16/2019 21:00,21,9,16.7,21.3,93,683,29.3,35,0
8/16/2019 22:00,12,17,16.6,21.2,93,683,28.5,37,0
8/16/2019 23:00,21,21,16.6,21.4,93,683,28.9,36,0
8/17/2019 0:00,18,11,16.6,21.5,92,683,29.1,36,0
8/17/2019 1:00,13,13,16.6,21.3,91,683,29,35,0
8/17/2019 2:00,15,12,16.6,21.4,91,682,29,35,0
8/17/2019 3:00,18,12,16.6,21.3,90,682,29.1,35,0
8/17/2019 4:00,13,11,16.6,21.1,89,682,29,34,0
8/17/2019 5:00,11,11,16.6,21,89,682,29.1,34,0
8/17/2019 6:00,18,15,16.6,20.7,90,682,29,33,0
8/17/2019 7:00,15,19,16.6,20.5,90,682,28.6,34,0
8/17/2019 8:00,24,33,16.6,20.4,92,683,28.5,34,0
8/17/2019 9:00,31,32,16.6,20.6,92,683,28.3,35,0
8/17/2019 10:00,34,32,16.6,21.4,89,684,29.4,34,0
8/17/2019 11:00,33,33,16.6,22.1,85,684,30.5,31,0
8/17/2019 12:00,25,24,16.6,22.8,82,683,31.4,30,0
8/17/2019 13:00,23,17,16.6,23.3,79,683,32.3,28,0
8/17/2019 14:00,19,20,16.6,23.9,76,682,32.7,28,0
8/17/2019 15:00,19,21,16.6,25.2,71,682,34,26,0
8/17/2019 16:00,18,21,16.6,25.6,70,681,35.3,24,0
8/17/2019 17:00,18,20,16.7,25,73,681,34.4,26,0
8/17/2019 18:00,22,23,16.6,24.7,75,681,33.7,27,0
8/17/2019 19:00,19,20,16.6,24,79,681,32.6,29,0
8/17/2019 20:00,25,26,16.6,23.8,81,682,32,30,0
8/17/2019 21:00,32,38,16.6,23.7,82,682,31.9,31,0
8/17/2019 22:00,31,31,16.6,23.3,84,683,31.7,31,0
8/17/2019 23:00,35,44,16.6,23.1,88,683,31.5,32,0
8/18/2019 0:00,44,39,16.6,22.3,95,683,30.6,35,0
8/18/2019 1:00,37,33,16.6,22.1,95,683,30,36,0
8/18/2019 2:00,25,16,16.6,21.7,96,682,29.6,37,0
8/18/2019 3:00,16,13,16.6,21.4,96,682,29.1,37,0
8/18/2019 4:00,11,11,16.6,21.2,96,682,28.9,37,0
8/18/2019 5:00,13,16,16.6,21.1,96,682,28.8,37,0
8/18/2019 6:00,16,18,16.6,21.1,94,682,28.8,36,0
8/18/2019 7:00,18,22,16.6,21.2,93,682,29.2,36,0
8/18/2019 8:00,24,27,16.6,21.4,92,683,29.6,35,0
8/18/2019 9:00,26,26,16.6,21.7,91,684,30,34,0
8/18/2019 10:00,27,29,16.6,22.1,88,684,30.5,33,0
8/18/2019 11:00,29,32,16.6,22.6,85,684,31.2,32,0
8/18/2019 12:00,30,33,16.6,23.1,86,684,32.1,31,0
8/18/2019 13:00,29,30,16.6,23.9,81,683,33.1,29,0
8/18/2019 14:00,31,35,16.6,24,82,683,33.6,28,0
8/18/2019 15:00,26,20,16.6,24.1,82,682,33.4,29,0
8/18/2019 16:00,16,12,16.7,25.2,76,682,34.1,28,0
8/18/2019 17:00,13,20,16.6,25.6,73,682,35,26,0
8/18/2019 18:00,22,17,16.6,25.2,75,682,34.8,26,0
8/18/2019 19:00,19,21,16.6,23.3,82,682,33.4,28,0
8/18/2019 20:00,22,27,16.6,22.6,84,683,31.9,29,0
8/18/2019 21:00,31,30,16.6,22.6,87,683,31.5,31,0
8/18/2019 22:00,25,15,16.7,21.5,94,684,30.2,34,0
8/18/2019 23:00,7,6,16.7,20.8,98,685,28.1,39,0
8/19/2019 0:00,9,17,16.6,21,97,684,28.1,39,0
8/19/2019 1:00,12,11,16.6,20.9,97,684,28.4,38,0
8/19/2019 2:00,10,7,16.6,20.8,96,683,28.6,37,0
8/19/2019 3:00,11,7,16.7,20.8,95,683,28.8,37,0
8/19/2019 4:00,9,10,16.6,20.8,96,683,29.2,36,0
8/19/2019 5:00,10,15,16.6,20.9,95,683,29.5,35,0
8/19/2019 6:00,20,24,16.6,20.9,95,683,29.6,34,0
8/19/2019 7:00,22,21,16.6,21,95,683,29.8,34,0
8/19/2019 8:00,22,25,16.6,21.9,91,684,30.5,33,0
8/19/2019 9:00,19,18,16.6,23.5,80,684,32.1,30,0
